jdate,designation,ra,dec,sup_ra,sup_dec,glon,glat,density,r_k20fe,j_m_k20fe,j_msig_k20fe,j_flg_k20fe,h_m_k20fe,h_msig_k20fe,h_flg_k20fe,k_m_k20fe,k_msig_k20fe,k_flg_k20fe,r_3sig,j_ba,j_phi,h_ba,h_phi,k_ba,k_phi,sup_r_3sig,sup_ba,sup_phi,r_fe,j_m_fe,j_msig_fe,j_flg_fe,h_m_fe,h_msig_fe,h_flg_fe,k_m_fe,k_msig_fe,k_flg_fe,r_ext,j_m_ext,j_msig_ext,j_pchi,h_m_ext,h_msig_ext,h_pchi,k_m_ext,k_msig_ext,k_pchi,j_r_eff,j_mnsurfb_eff,h_r_eff,h_mnsurfb_eff,k_r_eff,k_mnsurfb_eff,j_con_indx,h_con_indx,k_con_indx,j_peak,h_peak,k_peak,j_5surf,h_5surf,k_5surf,e_score,g_score,vc,cc_flg,im_nx,r_k20fc,j_m_k20fc,j_msig_k20fc,j_flg_k20fc,h_m_k20fc,h_msig_k20fc,h_flg_k20fc,k_m_k20fc,k_msig_k20fc,k_flg_k20fc,j_r_e,j_m_e,j_msig_e,j_flg_e,h_r_e,h_m_e,h_msig_e,h_flg_e,k_r_e,k_m_e,k_msig_e,k_flg_e,j_r_c,j_m_c,j_msig_c,j_flg_c,h_r_c,h_m_c,h_msig_c,h_flg_c,k_r_c,k_m_c,k_msig_c,k_flg_c,r_fc,j_m_fc,j_msig_fc,j_flg_fc,h_m_fc,h_msig_fc,h_flg_fc,k_m_fc,k_msig_fc,k_flg_fc,j_r_i20e,j_m_i20e,j_msig_i20e,j_flg_i20e,h_r_i20e,h_m_i20e,h_msig_i20e,h_flg_i20e,k_r_i20e,k_m_i20e,k_msig_i20e,k_flg_i20e,j_r_i20c,j_m_i20c,j_msig_i20c,j_flg_i20c,h_r_i20c,h_m_i20c,h_msig_i20c,h_flg_i20c,k_r_i20c,k_m_i20c,k_msig_i20c,k_flg_i20c,j_r_i21e,j_m_i21e,j_msig_i21e,j_flg_i21e,h_r_i21e,h_m_i21e,h_msig_i21e,h_flg_i21e,k_r_i21e,k_m_i21e,k_msig_i21e,k_flg_i21e,r_j21fe,j_m_j21fe,j_msig_j21fe,j_flg_j21fe,h_m_j21fe,h_msig_j21fe,h_flg_j21fe,k_m_j21fe,k_msig_j21fe,k_flg_j21fe,j_r_i21c,j_m_i21c,j_msig_i21c,j_flg_i21c,h_r_i21c,h_m_i21c,h_msig_i21c,h_flg_i21c,k_r_i21c,k_m_i21c,k_msig_i21c,k_flg_i21c,r_j21fc,j_m_j21fc,j_msig_j21fc,j_flg_j21fc,h_m_j21fc,h_msig_j21fc,h_flg_j21fc,k_m_j21fc,k_msig_j21fc,k_flg_j21fc,j_m_5,j_msig_5,j_flg_5,h_m_5,h_msig_5,h_flg_5,k_m_5,k_msig_5,k_flg_5,j_m_7,j_msig_7,j_flg_7,h_m_7,h_msig_7,h_flg_7,k_m_7,k_msig_7,k_flg_7,j_m_10,j_msig_10,j_flg_10,h_m_10,h_msig_10,h_flg_10,k_m_10,k_msig_10,k_flg_10,j_m_15,j_msig_15,j_flg_15,h_m_15,h_msig_15,h_flg_15,k_m_15,k_msig_15,k_flg_15,j_m_20,j_msig_20,j_flg_20,h_m_20,h_msig_20,h_flg_20,k_m_20,k_msig_20,k_flg_20,j_m_25,j_msig_25,j_flg_25,h_m_25,h_msig_25,h_flg_25,k_m_25,k_msig_25,k_flg_25,j_m_30,j_msig_30,j_flg_30,h_m_30,h_msig_30,h_flg_30,k_m_30,k_msig_30,k_flg_30,j_m_40,j_msig_40,j_flg_40,h_m_40,h_msig_40,h_flg_40,k_m_40,k_msig_40,k_flg_40,j_m_50,j_msig_50,j_flg_50,h_m_50,h_msig_50,h_flg_50,k_m_50,k_msig_50,k_flg_50,j_m_60,j_msig_60,j_flg_60,h_m_60,h_msig_60,h_flg_60,k_m_60,k_msig_60,k_flg_60,j_m_70,j_msig_70,j_flg_70,h_m_70,h_msig_70,h_flg_70,k_m_70,k_msig_70,k_flg_70,j_m_sys,j_msig_sys,h_m_sys,h_msig_sys,k_m_sys,k_msig_sys,sys_flg,contam_flg,j_5sig_ba,j_5sig_phi,h_5sig_ba,h_5sig_phi,k_5sig_ba,k_5sig_phi,j_d_area,j_perc_darea,h_d_area,h_perc_darea,k_d_area,k_perc_darea,j_bisym_rat,j_bisym_chi,h_bisym_rat,h_bisym_chi,k_bisym_rat,k_bisym_chi,j_sh0,j_sig_sh0,h_sh0,h_sig_sh0,k_sh0,k_sig_sh0,j_sc_mxdn,j_sc_sh,j_sc_wsh,j_sc_r23,j_sc_1mm,j_sc_2mm,j_sc_vint,j_sc_r1,j_sc_msh,h_sc_mxdn,h_sc_sh,h_sc_wsh,h_sc_r23,h_sc_1mm,h_sc_2mm,h_sc_vint,h_sc_r1,h_sc_msh,k_sc_mxdn,k_sc_sh,k_sc_wsh,k_sc_r23,k_sc_1mm,k_sc_2mm,k_sc_vint,k_sc_r1,k_sc_msh,j_chif_ellf,k_chif_ellf,ellfit_flg,sup_chif_ellf,n_blank,n_sub,bl_sub_flg,id_flg,id_cat,fg_flg,blk_fac,dup_src,use_src,prox,pxpa,pxcntr,dist_edge_ns,dist_edge_ew,dist_edge_flg,pts_key,mp_key,night_key,scan_key,coadd_key,spt_ind,hemis,xdate,scan,coadd,id,x,y,z,x_coadd,y_coadd,j_subst2,h_subst2,k_subst2,j_back,h_back,k_back,j_resid_ann,h_resid_ann,k_resid_ann,j_bndg_per,j_bndg_amp,h_bndg_per,h_bndg_amp,k_bndg_per,k_bndg_amp,j_seetrack,h_seetrack,k_seetrack,cntr,queried_id
2450896.9175,14480736+3144171,222.03067,31.738091,222.030746,31.738049,50.287478,64.258944,2.6,9.1,13.145,0.029,0,12.452,0.036,0,12.096,0.057,0,5.3,0.82,-20,0.8,20,0.9,25,8.5,0.86,15,9.9,13.121,0.031,0,12.423,0.039,0,12.069,0.061,0,17.25,12.991,0.035,3.939,12.269,0.041,0.597,11.992,0.062,2.21,3.31,17.48,3.44,16.84,3.08,16.39,3.35,3.58,3.18,16.73,16.0,15.68,18.3,17.61,17.25,1.0,1.0,1,0,37,8.5,13.145,0.029,0,12.458,0.036,0,12.098,0.056,0,9.1,13.153,0.028,0,10.5,12.422,0.039,0,9.9,12.069,0.061,0,8.5,13.148,0.028,0,9.4,12.423,0.039,0,9.1,12.074,0.06,0,9.1,13.126,0.03,0,12.434,0.038,0,12.074,0.06,0,6.6,13.292,0.023,0,8.7,12.488,0.034,0,9.1,12.096,0.057,0,6.4,13.261,0.024,0,7.7,12.495,0.034,0,8.5,12.098,0.056,0,8.6,13.172,0.027,0,12.1,12.384,0.044,0,11.3,12.048,0.069,0,8.6,13.172,0.027,0,12.493,0.034,0,12.136,0.053,0,8.0,13.167,0.027,0,10.9,12.377,0.044,0,10.7,12.047,0.069,0,8.0,13.167,0.027,0,12.482,0.035,0,12.125,0.054,0,13.391,0.016,0,12.705,0.019,0,12.349,0.027,0,13.22,0.018,0,12.536,0.023,0,12.185,0.032,0,13.107,0.024,0,12.405,0.029,0,12.054,0.041,0,13.01,0.033,0,12.302,0.04,0,12.009,0.059,0,12.916,0.041,0,12.311,0.055,0,11.977,0.079,0,,,,,,,,,,,,,,,,,,,,,,,,,,,,,,,,,,,,,,,,,,,,,,,,,,,,,,,13.11,0.023,12.411,0.028,12.056,0.04,0,0,0.88,-5,0.92,20,0.9,-50,,,,,,,0.774,4.522,0.985,3.925,0.999,2.873,1.04,0.03,1.02,0.04,1.05,0.05,11.9,18.7,21.9,13.1,11.4,14.3,9.9,11.8,0.0,9.3,15.1,18.1,10.7,10.0,10.8,8.8,10.3,0.0,9.9,10.8,14.1,9.4,5.7,6.2,7.8,9.0,0.0,12.5,7.2,0,9.5,0,0,0,1,CGCG_164-028,______,1,0,1,65.7,77,506031,6780.9,58.9,sw,206074797,,245,12840,295304,213331233,n,1998-03-24,96,79,2948,-0.6317114137167809,-0.5694081052174347,0.5260371655050973,450.0,972.0,0.0,0.0,0.0,110.5,378.4,425.0,0.19,0.163,0.133,160,0.012,62,0.0,92,0.03,0.0,-0.7,-0.4,506026,CGCG164-028
,00424433+4116074,10.68471,41.268749,10.68471,41.268749,121.174,-21.573,,1614.7,2.149,0.015,1,1.331,0.016,1,1.038,0.016,1,,0.473,47,0.473,47,0.561,45,,0.473,45,1340.2,2.191,0.015,1,1.374,0.015,1,1.087,0.015,1,3100.0,2.094,0.016,,1.283,0.017,,0.984,0.017,,462.65,16.6,418.45,15.57,443.23,15.4,4.03,4.29,4.3,,,,,,,,,1,Z,,,,,,,,,,,,,,,,,,,,,,,,,,,,,,,,,,,,,,,,,,,,,,,,,,,,,,,,,,,,,,,,,,,,,,,,,,,,,,,,,,,,,,,,,,,,,,,,,,,,,,,,,,,,,,,,,,,,,,,,,,,8.009,0.015,0,7.054,0.015,0,6.793,0.015,0,,,,,,,,,,,,,,,,,,,,,,,,,,,,,,,,,,,,,,,,,,,,,,,,,,,,,,,,,,,,,,,,,,,,,,,,,,,,,,,,,,,,,,,,,,,,,,,,,,,,,,,,,,,,,,,,,,,,,,,,,,,,,,,,,,,,,,,,,,,,,,,,,,,,1,M31,,,0,1,123.8,262,965979,,,,,,,,,233001221,,,,,,0.738592583296602,0.139354389193191,0.659591805673664,,,,,,,,,,,,,,,,,,,,,5000001,MESSIER031
2451640.7614,14341899+0339518,218.579163,3.664407,218.579178,3.664374,353.741694,56.028852,2.8,16.8,12.34,0.03,0,11.628,0.036,0,11.322,0.059,0,11.2,0.5,35,0.5,35,0.5,35,15.4,0.46,30,18.3,12.311,0.032,0,11.608,0.038,0,11.307,0.064,0,28.46,12.119,0.038,5.821,11.499,0.037,2.823,11.243,0.057,3.862,7.3,17.68,6.15,16.65,6.03,16.36,5.69,5.06,4.91,16.31,15.52,15.21,17.79,17.03,16.76,1.0,1.0,1,0,67,11.4,12.392,0.03,0,11.682,0.036,0,11.383,0.059,0,17.8,12.318,0.032,0,18.7,11.603,0.039,0,18.3,11.307,0.064,0,11.9,12.371,0.031,0,12.9,11.626,0.039,0,13.4,11.327,0.067,0,13.4,12.32,0.034,0,11.611,0.04,0,11.327,0.067,0,13.2,12.458,0.026,0,16.0,11.643,0.034,0,16.8,11.322,0.059,0,8.2,12.578,0.025,0,10.4,11.72,0.033,0,11.4,11.383,0.059,0,16.0,12.358,0.029,0,21.2,11.572,0.044,0,20.4,11.283,0.071,0,16.0,12.358,0.029,0,11.643,0.035,0,11.332,0.057,0,13.2,12.325,0.033,0,14.6,11.578,0.043,0,14.0,11.319,0.07,0,13.2,12.325,0.033,0,11.616,0.04,0,11.33,0.067,0,12.904,0.014,0,12.138,0.015,0,11.861,0.022,0,12.678,0.016,0,11.915,0.016,0,11.645,0.025,0,12.463,0.019,0,11.736,0.02,0,11.448,0.03,0,12.274,0.024,0,11.57,0.026,0,11.305,0.04,0,12.174,0.03,0,11.492,0.033,0,11.22,0.05,0,12.102,0.036,0,11.427,0.04,0,11.156,0.061,0,,,,,,,,,,,,,,,,,,,,,,,,,,,,,,,,,,,,,,,,,,,,,,12.2,0.027,11.516,0.031,11.25,0.047,0,1,0.52,40,0.56,35,0.68,35,,,,,,,0.882,2.046,0.997,1.343,1.0,1.442,0.95,0.04,0.92,0.04,0.98,0.06,6.9,21.4,25.0,12.0,11.4,14.0,14.1,11.4,0.0,8.1,22.3,26.5,14.1,10.6,11.2,13.5,13.0,0.0,5.2,14.2,19.3,11.2,5.5,6.0,8.2,9.3,0.0,9.2,10.6,1,7.9,0,0,0,1,CGCG_047-101,______,1,1,1,198.6,35,2477644,8945.1,46.7,ne,1259126495,,1379,67580,1554331,212103331,s,2000-04-06,97,162,6745,-0.7801490383706887,-0.6223204047499106,0.0639123756497685,51.0,606.0,0.0,0.0,0.0,94.9,331.8,551.8,0.103,0.026,0.107,90,0.034,90,0.161,90,0.04,-0.4,-0.6,-0.4,2477611,CGCG047-101
2451208.9435,13275696+3421591,201.987366,34.36644,201.987274,34.366432,77.890753,79.335752,2.57,11.6,12.744,0.026,0,11.996,0.032,0,11.725,0.046,0,6.3,0.88,-80,0.8,-85,0.8,-80,10.8,0.78,80,12.9,12.706,0.028,0,11.964,0.035,0,11.687,0.05,0,30.88,12.512,0.037,0.565,11.788,0.045,1.382,11.479,0.057,1.284,4.15,17.34,4.11,16.62,4.09,16.3,4.72,4.42,4.9,16.31,15.61,15.24,17.96,17.23,16.94,1.0,1.0,1,0,47,10.6,12.735,0.026,0,11.99,0.033,0,11.713,0.047,0,9.2,12.809,0.023,0,11.6,11.995,0.032,0,12.9,11.687,0.05,0,8.6,12.81,0.022,0,10.5,11.993,0.032,0,11.8,11.677,0.051,0,11.8,12.701,0.028,0,11.959,0.036,0,11.677,0.051,0,6.9,12.92,0.019,0,10.0,12.047,0.029,0,11.6,11.725,0.046,0,6.4,12.93,0.019,0,9.0,12.046,0.029,0,10.6,11.713,0.047,0,10.7,12.753,0.025,0,14.8,11.922,0.039,3,17.2,11.589,0.063,3,10.7,12.753,0.025,0,12.005,0.031,0,11.733,0.045,0,10.0,12.755,0.025,0,12.8,11.935,0.038,3,16.2,11.569,0.066,3,10.0,12.755,0.025,0,12.009,0.031,0,11.733,0.045,0,13.057,0.012,0,12.325,0.014,0,12.029,0.017,0,12.892,0.014,0,12.149,0.016,0,11.869,0.021,0,12.755,0.017,0,12.009,0.02,0,11.733,0.026,0,12.626,0.023,3,11.896,0.028,3,11.594,0.035,3,12.542,0.029,3,11.838,0.036,3,11.522,0.045,3,12.492,0.036,3,11.791,0.044,1,11.485,0.056,3,,,,,,,,,,,,,,,,,,,,,,,,,,,,,,,,,,,,,,,,,,,,,,12.673,0.021,11.935,0.024,11.65,0.032,0,0,0.8,-80,0.8,-80,0.82,-65,,,,,,,0.778,4.304,0.798,3.406,0.778,4.206,0.98,0.03,0.95,0.04,0.96,0.04,9.1,20.0,22.6,12.6,10.1,10.4,12.4,11.5,0.0,12.6,16.9,21.5,11.6,8.0,8.6,13.1,9.9,0.0,12.2,13.7,16.1,9.3,5.9,6.4,8.6,7.7,0.0,11.5,7.7,1,13.9,0,0,0,0,,______,1,1,1,46.5,161,1101183,5904.4,65.3,ne,526266846,,558,28915,665029,213012220,n,1999-01-30,126,80,7269,-0.7654067710104531,-0.3090480999580703,0.5644836107484951,71.0,932.0,0.0,0.0,0.0,72.8,320.3,233.5,0.13,0.094,0.047,160,0.012,38,0.006,48,0.032,-0.2,-0.1,-0.3,1101178,2MASXJ13275696+3421591
2451869.5876,01282393-1334213,22.09973,-13.572586,22.099707,-13.572555,157.252872,-73.92841,2.64,18.4,12.669,0.032,0,11.87,0.038,0,11.514,0.057,0,13.0,0.28,65,0.34,65,0.34,65,18.7,0.3,65,21.9,12.6,0.036,0,11.814,0.044,0,11.488,0.067,0,30.47,12.476,0.035,2.181,11.755,0.04,2.416,11.456,0.057,1.213,9.93,18.28,9.11,17.37,8.04,16.89,3.5,3.5,3.49,17.63,16.7,16.28,18.4,17.59,17.17,1.0,1.0,1,0,85,8.8,12.989,0.033,0,12.151,0.038,0,11.782,0.056,0,26.8,12.589,0.04,0,24.6,11.777,0.048,0,21.9,11.488,0.067,0,10.4,12.868,0.036,0,14.5,11.844,0.051,0,12.4,11.574,0.069,0,12.4,12.764,0.04,0,11.914,0.045,0,11.574,0.069,0,17.3,12.765,0.029,0,18.4,11.87,0.038,0,18.4,11.514,0.057,0,6.6,13.245,0.031,0,8.6,12.17,0.038,0,8.8,11.782,0.056,0,21.7,12.634,0.033,0,22.6,11.802,0.045,0,21.2,11.492,0.066,0,21.7,12.634,0.033,0,11.847,0.04,0,11.497,0.061,0,7.7,13.1,0.032,0,11.4,11.96,0.043,0,11.1,11.634,0.064,0,7.7,13.1,0.032,0,12.268,0.036,0,11.88,0.053,0,13.568,0.023,0,12.754,0.025,0,12.337,0.032,0,13.194,0.023,0,12.367,0.024,0,11.965,0.031,0,12.893,0.025,0,12.049,0.026,0,11.695,0.035,0,12.682,0.031,0,11.833,0.033,0,11.495,0.044,0,12.589,0.039,0,11.768,0.042,0,11.439,0.058,0,12.499,0.046,0,11.677,0.05,0,11.361,0.069,0,,,,,,,,,,,,,,,,,,,,,,,,,,,,,,,,,,,,,,,,,,,,,,12.562,0.042,11.743,0.045,11.398,0.061,0,1,0.32,65,0.36,65,0.32,65,,,,,,,0.999,1.58,0.999,1.42,0.891,2.223,0.95,0.04,0.94,0.04,0.99,0.06,26.8,54.5,46.7,18.6,15.0,18.8,31.7,12.4,0.0,32.4,63.3,53.0,20.4,14.9,17.6,30.3,17.2,0.0,15.2,37.8,36.1,21.0,7.2,8.0,14.8,17.9,0.0,9.4,7.8,0,9.2,0,0,0,0,,______,1,0,1,482.5,204,2380887,6194.7,94.9,nw,1201126126,,1293,64694,1487956,100332022,s,2000-11-21,33,198,7488,0.9006555565477985,0.3657133530761,-0.2346770373117301,414.0,442.0,0.0,0.0,0.0,124.1,418.4,570.4,0.006,-0.066,-0.079,120,0.029,90,0.001,54,0.024,-0.5,-0.2,-0.7,2380932,MCG-02-04-057
2450868.0061,16044147+1638582,241.172821,16.649502,241.172852,16.649565,30.087679,44.244749,3.04,8.8,13.516,0.036,0,12.806,0.048,0,12.49,0.06,0,5.0,0.78,-70,0.84,-60,0.78,-70,8.6,0.8,-60,10.7,13.422,0.041,0,12.719,0.056,0,12.422,0.07,0,20.2,13.219,0.043,0.792,12.59,0.062,0.824,12.299,0.073,0.576,4.49,18.19,3.97,17.29,3.58,16.89,3.99,3.71,3.63,17.2,16.39,16.03,18.68,17.94,17.62,1.0,1.0,1,0,37,7.7,13.525,0.036,0,12.81,0.048,0,12.504,0.06,0,10.0,13.452,0.039,0,11.3,12.676,0.059,0,10.7,12.422,0.07,0,9.6,13.409,0.041,0,10.3,12.68,0.059,0,9.5,12.418,0.07,0,9.5,13.416,0.041,0,12.718,0.056,0,12.418,0.07,0,6.4,13.704,0.03,0,8.4,12.81,0.048,0,8.8,12.49,0.06,0,6.4,13.634,0.033,0,7.6,12.817,0.048,0,7.7,12.504,0.06,0,9.8,13.46,0.038,0,11.6,12.665,0.06,0,12.0,12.393,0.077,0,9.8,13.46,0.038,0,12.759,0.052,0,12.449,0.065,0,8.6,13.465,0.038,0,10.6,12.667,0.06,0,11.1,12.375,0.08,0,8.6,13.465,0.038,0,12.762,0.052,0,12.458,0.065,0,13.791,0.023,0,13.052,0.03,0,12.717,0.034,0,13.582,0.027,0,12.857,0.035,0,12.544,0.04,0,13.391,0.032,0,12.693,0.043,0,12.401,0.051,0,13.275,0.043,0,12.534,0.057,0,12.297,0.07,0,13.214,0.054,6,12.427,0.068,6,12.255,0.089,6,13.156,0.063,6,12.439,0.084,6,12.217,0.106,6,,,,,,,,,,,,,,,,,,,,,,,,,,,,,,,,,,,,,,,,,,,,,,13.366,0.033,12.664,0.045,12.386,0.053,0,0,0.8,-35,0.84,-45,0.96,-45,,,,,,,1.0,2.263,0.993,2.116,0.997,2.893,1.05,0.04,1.03,0.05,1.01,0.05,13.2,19.8,23.5,16.2,11.1,13.2,11.0,15.0,0.0,13.3,15.4,18.5,12.4,7.5,8.4,10.2,11.9,0.0,9.4,13.7,15.7,9.9,6.2,6.7,7.2,8.4,0.0,11.9,11.8,0,15.4,0,0,0,0,,______,1,0,1,51.3,201,469738,4880.1,157.2,ne,195779437,,230,11979,275499,210223331,n,1998-02-23,133,56,8385,-0.4619545471259124,-0.839348824371528,0.2865162253971437,161.0,16.0,0.0,0.0,0.0,105.3,465.2,289.9,0.117,0.054,0.01,150,0.037,158,0.029,42,0.017,-0.2,-0.4,-0.2,469715,GIN525
2451610.6881,08553730+0750391,133.905426,7.844208,133.90538,7.844187,220.415946,31.126387,2.8,10.4,13.75,0.066,0,13.094,0.076,0,12.821,0.119,0,4.2,0.54,-40,0.68,-50,0.54,-40,10.3,0.52,-45,14.0,13.456,0.072,0,12.817,0.086,0,12.642,0.144,0,25.01,13.246,0.071,0.914,12.637,0.087,1.128,12.538,0.157,0.5,8.47,19.22,7.98,18.46,6.1,17.78,3.7,4.1,4.23,17.86,17.17,16.74,19.11,18.43,18.06,1.0,1.0,-1,0,63,7.7,13.799,0.07,0,13.112,0.078,0,12.915,0.127,0,18.4,13.288,0.084,0,19.8,12.55,0.115,0,14.0,12.642,0.144,0,10.9,13.483,0.078,0,16.0,12.543,0.112,0,10.3,12.662,0.146,0,10.3,13.525,0.076,0,12.827,0.086,0,12.662,0.146,0,9.9,13.806,0.066,0,12.0,12.844,0.084,0,10.4,12.821,0.119,0,5.7,14.114,0.065,0,9.6,12.875,0.083,0,7.7,12.915,0.127,0,14.3,13.442,0.073,0,16.4,12.636,0.1,0,6.9,13.16,0.096,0,14.3,13.442,0.073,0,12.8,0.086,0,12.632,0.147,0,10.7,13.494,0.077,0,14.8,12.596,0.107,0,10.3,12.659,0.146,0,10.7,13.494,0.077,0,12.805,0.088,0,12.626,0.149,0,14.249,0.055,0,13.563,0.063,0,13.165,0.084,0,13.905,0.056,0,13.225,0.064,0,12.978,0.099,0,13.546,0.058,0,12.845,0.065,0,12.686,0.108,0,13.246,0.067,0,12.587,0.078,0,12.356,0.122,0,13.198,0.088,0,12.444,0.094,0,12.237,0.15,0,13.129,0.106,0,12.339,0.11,0,12.177,0.183,0,13.053,0.123,0,12.332,0.136,0,12.253,0.245,0,,,,,,,,,,,,,,,,,,,,,,,,,,,,,,,,,,,,,13.283,0.064,12.643,0.077,12.43,0.122,0,1,0.84,55,0.78,0,0.76,35,,,,,,,0.975,1.123,0.999,1.368,0.967,1.463,0.98,0.03,0.96,0.04,1.0,0.06,28.3,39.1,45.0,27.5,13.0,16.5,27.6,26.3,0.0,30.4,32.2,38.2,18.7,10.0,11.8,24.7,12.7,0.0,4.8,14.6,14.6,8.0,5.7,5.7,11.9,6.0,0.0,24.9,17.1,0,17.9,0,0,0,0,,______,1,0,1,59.5,115,1702509,6655.4,108.3,sw,847873094,,908,46060,1059373,223103321,s,2000-03-07,69,186,3244,-0.6869811457824679,0.7137437380252962,0.1364799683802903,401.0,70.0,0.0,0.0,0.0,121.9,487.0,700.0,0.018,0.077,-0.028,48,0.01,56,0.04,42,0.046,-0.5,0.0,-0.9,1702507,2MASXJ08553730+0750391
,00424433+4116074,10.68471,41.268749,10.68471,41.268749,121.174,-21.573,,1614.7,2.149,0.015,1,1.331,0.016,1,1.038,0.016,1,,0.473,47,0.473,47,0.561,45,,0.473,45,1340.2,2.191,0.015,1,1.374,0.015,1,1.087,0.015,1,3100.0,2.094,0.016,,1.283,0.017,,0.984,0.017,,462.65,16.6,418.45,15.57,443.23,15.4,4.03,4.29,4.3,,,,,,,,,1,Z,,,,,,,,,,,,,,,,,,,,,,,,,,,,,,,,,,,,,,,,,,,,,,,,,,,,,,,,,,,,,,,,,,,,,,,,,,,,,,,,,,,,,,,,,,,,,,,,,,,,,,,,,,,,,,,,,,,,,,,,,,,8.009,0.015,0,7.054,0.015,0,6.793,0.015,0,,,,,,,,,,,,,,,,,,,,,,,,,,,,,,,,,,,,,,,,,,,,,,,,,,,,,,,,,,,,,,,,,,,,,,,,,,,,,,,,,,,,,,,,,,,,,,,,,,,,,,,,,,,,,,,,,,,,,,,,,,,,,,,,,,,,,,,,,,,,,,,,,,,,1,M31,,,0,1,123.8,262,965979,,,,,,,,,233001221,,,,,,0.738592583296602,0.139354389193191,0.659591805673664,,,,,,,,,,,,,,,,,,,,,5000001,MESSIER031
2451549.0569,14571344+1248136,224.306015,12.803787,224.305984,12.803719,13.236273,57.293101,2.75,17.2,12.641,0.04,3,11.923,0.056,3,11.525,0.062,3,9.2,0.88,-40,0.78,-15,0.64,-25,11.9,0.88,-25,22.4,12.516,0.048,3,11.809,0.069,3,11.41,0.076,3,37.38,12.363,0.05,2.838,11.89,0.082,0.215,11.228,0.063,2.29,8.22,18.45,5.89,17.26,8.33,17.34,5.34,4.2,5.32,16.91,16.1,15.77,18.21,17.45,17.11,1.0,1.0,1,0,71,13.6,12.648,0.04,0,11.918,0.055,0,11.513,0.061,0,12.8,12.712,0.037,0,16.2,11.892,0.058,3,22.4,11.41,0.076,3,12.1,12.708,0.037,0,15.6,11.84,0.061,3,17.8,11.398,0.074,3,17.8,12.51,0.047,3,11.782,0.067,3,11.398,0.074,3,8.1,13.002,0.029,0,11.4,12.074,0.046,0,17.2,11.525,0.062,3,7.6,13.002,0.029,0,11.0,12.029,0.048,0,13.6,11.513,0.061,0,14.1,12.664,0.039,0,14.8,11.944,0.054,0,25.4,11.357,0.084,3,14.1,12.664,0.039,0,11.936,0.055,0,11.529,0.059,0,13.2,12.664,0.039,0,17.6,11.785,0.066,3,18.0,11.393,0.075,3,13.2,12.664,0.039,0,11.933,0.054,0,11.528,0.059,0,13.335,0.019,0,12.586,0.024,0,12.238,0.024,0,13.063,0.02,0,12.308,0.026,0,11.958,0.026,0,12.821,0.023,0,12.079,0.03,0,11.693,0.029,0,12.597,0.028,3,11.863,0.037,0,11.462,0.036,0,12.455,0.034,3,11.741,0.045,3,11.357,0.044,3,12.385,0.041,3,11.648,0.054,3,11.225,0.051,3,12.304,0.047,3,11.567,0.062,3,11.157,0.059,3,,,,,,,,,,,,,,,,,,,,,,,,,,,,,,,,,,,,,12.371,0.036,11.645,0.047,11.257,0.046,0,1,0.84,-20,0.8,-40,0.74,-30,,,,,,,0.976,2.363,0.936,1.956,0.873,2.404,1.04,0.04,0.99,0.05,1.01,0.05,19.1,25.4,29.8,21.8,10.5,14.0,19.3,21.1,0.0,14.3,23.5,25.1,18.6,7.9,9.6,18.6,17.6,0.0,15.1,18.1,23.2,15.6,6.1,7.1,15.0,15.3,0.0,12.9,16.7,1,15.8,0,0,0,0,,______,1,0,1,57.0,90,1881638,3421.5,158.9,se,956066427,,997,51246,1178639,213131100,n,2000-01-05,161,44,1786,-0.6978253240328719,-0.6811222485179994,0.2216129502357706,161.0,521.0,0.0,0.0,0.0,87.5,430.4,407.1,0.178,0.016,0.048,74,0.009,108,0.02,102,0.019,-1.0,-0.1,-0.1,1881636,2MASXJ14571344+1248136
2451173.7853,10260606-0324468,156.525284,-3.41302,156.525208,-3.413103,248.289765,43.514143,2.68,19.7,12.156,0.034,0,11.424,0.042,0,11.044,0.07,0,10.3,0.52,85,0.5,90,0.6,90,17.4,0.5,90,22.9,12.097,0.038,0,11.373,0.047,3,10.993,0.079,0,34.57,11.955,0.037,3.564,11.217,0.041,2.825,10.877,0.061,2.07,7.75,17.84,7.72,17.07,7.39,16.64,5.72,5.97,5.55,16.32,15.52,15.17,17.76,17.01,16.64,1.0,1.0,1,0,79,15.0,12.201,0.035,0,11.483,0.043,0,11.052,0.069,0,19.5,12.194,0.032,0,23.2,11.387,0.044,3,22.9,10.993,0.079,0,13.7,12.239,0.032,0,16.5,11.441,0.046,0,17.4,11.019,0.079,0,17.4,12.152,0.039,0,11.419,0.048,0,11.019,0.079,0,13.6,12.403,0.026,0,18.7,11.495,0.038,0,19.7,11.044,0.07,0,9.6,12.44,0.027,0,13.4,11.537,0.04,0,15.0,11.052,0.069,0,20.2,12.177,0.033,0,25.9,11.355,0.049,3,26.9,10.95,0.091,3,20.2,12.177,0.033,0,11.447,0.041,0,11.065,0.067,0,14.2,12.223,0.033,0,19.0,11.389,0.052,0,15.8,11.035,0.072,0,14.2,12.223,0.033,0,11.509,0.041,0,11.08,0.066,0,12.87,0.014,0,12.124,0.015,0,11.757,0.022,0,12.635,0.015,0,11.889,0.017,0,11.516,0.024,0,12.417,0.018,0,11.694,0.02,0,11.292,0.028,0,12.201,0.022,0,11.483,0.025,0,11.052,0.035,0,12.125,0.028,0,11.375,0.031,0,10.974,0.044,0,12.04,0.034,3,11.321,0.038,3,10.934,0.055,3,12.033,0.042,3,11.318,0.048,3,10.897,0.066,3,,,,,,,,,,,,,,,,,,,,,,,,,,,,,,,,,,,,,12.076,0.032,11.337,0.035,10.948,0.05,0,0,0.54,90,0.54,90,0.6,90,,,,,,,0.784,4.108,0.861,3.189,0.775,2.876,0.94,0.04,0.93,0.04,0.96,0.06,25.4,24.9,29.1,15.7,11.5,14.0,14.2,14.6,0.0,21.5,23.6,24.9,15.0,9.2,11.1,15.3,10.2,0.0,12.2,14.5,16.5,10.9,5.3,5.7,10.9,7.9,0.0,17.3,12.3,1,13.6,0,0,0,1,CGCG_009-031,______,1,0,1,368.5,147,499309,9323.4,218.3,se,204809975,,243,12707,292248,112120213,s,1998-12-26,87,115,4111,-0.9156090704517464,0.3976378082452068,-0.0595332139266558,223.0,602.0,0.0,0.0,0.0,92.2,387.6,645.3,0.051,0.017,0.153,106,0.103,106,0.089,108,0.056,-0.1,-0.3,-0.4,499275,CGCG009-031
,00424433+4116074,10.68471,41.268749,10.68471,41.268749,121.174,-21.573,,1614.7,2.149,0.015,1,1.331,0.016,1,1.038,0.016,1,,0.473,47,0.473,47,0.561,45,,0.473,45,1340.2,2.191,0.015,1,1.374,0.015,1,1.087,0.015,1,3100.0,2.094,0.016,,1.283,0.017,,0.984,0.017,,462.65,16.6,418.45,15.57,443.23,15.4,4.03,4.29,4.3,,,,,,,,,1,Z,,,,,,,,,,,,,,,,,,,,,,,,,,,,,,,,,,,,,,,,,,,,,,,,,,,,,,,,,,,,,,,,,,,,,,,,,,,,,,,,,,,,,,,,,,,,,,,,,,,,,,,,,,,,,,,,,,,,,,,,,,,8.009,0.015,0,7.054,0.015,0,6.793,0.015,0,,,,,,,,,,,,,,,,,,,,,,,,,,,,,,,,,,,,,,,,,,,,,,,,,,,,,,,,,,,,,,,,,,,,,,,,,,,,,,,,,,,,,,,,,,,,,,,,,,,,,,,,,,,,,,,,,,,,,,,,,,,,,,,,,,,,,,,,,,,,,,,,,,,,1,M31,,,0,1,123.8,262,965979,,,,,,,,,233001221,,,,,,0.738592583296602,0.139354389193191,0.659591805673664,,,,,,,,,,,,,,,,,,,,,5000001,MESSIER031
2451580.9761,15230842+3052387,230.785095,30.877432,230.785065,30.877462,48.607521,56.776889,2.82,15.7,13.162,0.051,0,12.564,0.075,0,12.043,0.079,0,6.1,0.72,10,0.6,0,0.74,30,12.3,0.68,0,25.3,12.919,0.071,3,12.254,0.102,3,11.694,0.106,3,40.07,12.741,0.073,1.412,11.997,0.094,0.855,11.556,0.094,2.88,10.39,19.5,12.16,19.09,11.89,18.6,4.08,4.59,3.95,17.53,16.9,16.34,18.87,18.24,17.75,1.0,1.0,1,0,81,14.4,13.118,0.052,0,12.528,0.078,0,11.977,0.081,0,12.9,13.312,0.046,0,20.7,12.429,0.082,0,25.3,11.694,0.106,3,11.2,13.297,0.047,0,14.6,12.517,0.079,0,22.5,11.694,0.11,3,22.5,12.925,0.074,3,12.236,0.104,3,11.694,0.11,3,7.4,13.773,0.037,0,12.7,12.766,0.062,0,15.7,12.043,0.079,0,6.4,13.773,0.038,0,9.0,12.885,0.062,0,14.4,11.977,0.081,0,13.2,13.289,0.046,0,20.7,12.427,0.082,0,23.5,11.728,0.099,3,13.2,13.289,0.046,0,12.679,0.067,0,12.214,0.073,0,11.8,13.257,0.047,0,15.4,12.473,0.081,0,19.2,11.737,0.094,3,11.8,13.257,0.047,0,12.684,0.071,0,12.17,0.075,0,13.999,0.03,0,13.351,0.041,0,12.882,0.04,0,13.7,0.031,0,13.078,0.045,0,12.6,0.043,0,13.399,0.034,0,12.812,0.05,0,12.312,0.047,0,13.091,0.039,0,12.495,0.057,0,11.94,0.051,0,12.967,0.047,3,12.324,0.067,3,11.718,0.057,3,12.884,0.057,3,12.192,0.076,3,11.687,0.071,3,12.814,0.066,3,12.146,0.091,3,11.628,0.084,3,12.742,0.089,3,12.049,0.12,3,11.375,0.096,3,,,,,,,,,,,,,,,,,,,,,,,,,,,,12.832,0.055,12.133,0.073,11.658,0.071,0,1,0.8,10,0.86,-20,0.92,-45,,,,,,,0.997,1.113,0.998,0.979,0.996,1.328,1.0,0.04,0.98,0.04,0.99,0.05,22.3,32.5,32.6,27.7,11.7,15.3,27.9,24.6,0.0,20.6,24.9,28.5,20.0,8.6,10.0,24.4,18.1,0.0,21.4,21.0,26.2,17.4,6.6,7.4,16.5,17.1,0.0,13.0,20.1,1,21.6,0,0,0,0,,______,1,0,1,41.2,174,1987147,3680.9,217.3,se,1012864652,,1043,54070,1243591,213302202,n,2000-02-06,36,44,2142,-0.5426229707821937,-0.6649682350844709,0.5132032325581656,219.0,779.0,0.0,0.0,0.0,62.3,304.7,325.9,0.001,0.004,0.15,142,0.021,96,0.018,82,0.03,-0.4,-0.3,-1.0,1987137,2MASXJ15230842+3052387
2451289.8103,16183415-1636132,244.642319,-16.603682,244.642303,-16.603722,358.062294,23.4115,3.32,9.5,14.264,0.085,0,13.393,0.083,0,13.069,0.121,0,4.0,0.66,90,0.82,85,0.66,90,6.3,0.74,-70,11.1,14.184,0.094,3,13.349,0.094,3,13.015,0.138,3,15.67,14.208,0.129,0.5,13.31,0.123,0.981,13.057,0.197,7.167,2.91,18.53,3.41,17.85,2.94,17.39,3.31,3.6,3.48,17.84,17.0,16.66,19.38,18.55,18.23,1.0,1.0,1,0,39,6.7,14.334,0.078,0,13.474,0.076,0,13.157,0.111,0,6.8,14.408,0.068,0,9.6,13.354,0.091,0,11.1,13.015,0.138,3,8.1,14.258,0.089,0,8.5,13.37,0.09,0,9.2,12.988,0.138,0,9.2,14.204,0.098,0,13.347,0.096,0,12.988,0.138,0,5.0,14.632,0.059,0,6.6,13.542,0.07,0,9.5,13.069,0.121,0,5.5,14.43,0.069,0,5.7,13.57,0.069,0,6.7,13.157,0.111,0,7.1,14.388,0.07,0,9.0,13.377,0.087,0,10.6,13.025,0.132,0,7.1,14.388,0.07,0,13.571,0.069,0,13.264,0.1,0,5.7,14.411,0.07,0,7.7,13.409,0.084,0,8.5,13.016,0.13,0,7.0,14.317,0.08,0,13.455,0.078,0,13.135,0.114,0,14.491,0.059,0,13.668,0.061,0,13.337,0.085,0,14.317,0.07,0,13.455,0.07,0,13.135,0.099,0,14.163,0.088,0,13.333,0.09,0,12.977,0.123,0,13.896,0.105,3,13.415,0.149,3,12.751,0.153,1,13.83,0.135,1,13.417,0.204,1,12.449,0.159,1,,,,,,,,,,,,,,,,,,,,,,,,,,,,,,,,,,,,,,,,,,,,,,,,,,,,,,,14.097,0.092,13.331,0.1,12.966,0.136,0,1,0.94,75,0.78,45,1.0,90,,,,,,,0.981,1.773,0.994,1.148,0.978,0.34,0.95,0.04,0.93,0.04,0.96,0.06,4.6,17.4,17.2,9.4,8.3,9.9,9.0,8.5,0.0,7.8,21.1,23.3,16.4,8.8,9.7,14.9,13.9,0.0,11.8,12.8,14.3,9.7,4.9,5.4,7.5,8.2,0.0,16.7,16.0,1,16.0,0,0,0,0,,______,1,0,1,468.9,165,955778,5050.5,206.0,se,417479184,,474,24856,571683,122111201,s,1999-04-21,76,209,4080,-0.410410844528278,-0.8659733852141543,-0.2857499515211216,210.0,406.0,0.0,0.0,0.0,111.9,393.5,577.1,0.041,0.147,0.25,68,0.017,96,0.048,52,0.015,-0.2,-0.4,-0.4,955772,2MASXJ16183415-1636132
2450614.6718,15164479+2159323,229.186661,21.992323,229.1866,21.992277,32.165561,56.678411,2.78,8.4,13.687,0.05,0,13.018,0.057,0,12.567,0.084,0,4.5,0.96,55,0.94,70,0.96,55,7.4,0.82,-5,10.0,13.615,0.056,0,12.925,0.063,0,12.507,0.096,0,20.14,13.298,0.06,0.703,12.752,0.077,1.455,12.311,0.103,0.287,4.41,18.48,3.61,17.42,3.5,16.92,4.65,3.98,3.84,17.26,16.52,16.1,18.86,18.17,17.71,1.0,1.0,1,0,33,8.3,13.684,0.05,0,13.015,0.057,0,12.564,0.084,0,9.0,13.657,0.052,0,9.1,12.986,0.059,0,10.0,12.507,0.096,0,9.0,13.648,0.053,0,8.9,12.981,0.059,0,9.9,12.5,0.096,0,9.9,13.609,0.057,0,12.92,0.064,0,12.5,0.096,0,6.4,13.825,0.042,0,6.5,13.141,0.047,0,8.4,12.567,0.084,0,6.4,13.814,0.043,0,6.3,13.14,0.047,0,8.3,12.564,0.084,0,6.8,13.792,0.044,0,9.9,12.939,0.062,0,11.8,12.454,0.11,0,7.0,13.778,0.044,0,13.102,0.05,0,12.647,0.073,0,7.0,13.768,0.045,0,9.9,12.919,0.064,0,11.3,12.459,0.108,0,7.0,13.768,0.045,0,13.094,0.051,0,12.638,0.074,0,13.954,0.031,0,13.261,0.035,0,12.805,0.046,0,13.769,0.036,0,13.095,0.041,0,12.638,0.055,0,13.606,0.045,0,12.916,0.05,0,12.497,0.069,0,13.433,0.058,0,12.838,0.072,0,12.401,0.097,0,13.268,0.069,3,12.757,0.091,3,12.331,0.124,0,13.191,0.082,3,12.643,0.106,3,12.281,0.153,3,,,,,,,,,,,,,,,,,,,,,,,,,,,,,,,,,,,,,,,,,,,,,,13.602,0.045,12.912,0.051,12.491,0.069,0,0,0.84,25,0.92,85,0.86,35,,,,,,,0.83,2.867,0.828,2.279,0.993,1.629,1.03,0.04,1.0,0.04,1.01,0.05,12.3,16.2,20.8,14.2,9.8,11.5,10.7,12.8,0.0,13.7,14.7,17.8,11.9,9.0,10.3,9.9,10.8,0.0,11.4,10.7,14.2,9.7,5.0,5.2,6.8,9.0,0.0,13.8,9.6,1,20.1,0,0,0,0,,______,1,0,1,46.2,300,2654974,7132.5,247.1,nw,1339006707,,1486,72348,1663997,213111321,n,1997-06-15,142,185,6456,-0.6060372212893244,-0.7017705110610423,0.3744823576846286,263.0,394.0,0.0,0.0,0.0,97.4,414.2,514.0,0.156,0.185,0.033,130,0.02,82,0.017,18,0.028,-0.2,-0.3,-0.2,2654973,2MASXJ15164479+2159323
2450963.5734,13072907-2723209,196.871155,-27.389158,196.871124,-27.389133,307.299516,35.346444,2.88,30.9,11.067,0.018,0,10.377,0.028,0,10.049,0.032,0,17.9,0.62,-40,0.58,-40,0.5,-40,21.9,0.64,-40,34.7,11.028,0.02,0,10.338,0.031,0,10.011,0.035,0,48.55,10.945,0.021,9.9,10.28,0.027,5.861,9.899,0.029,7.987,9.92,17.18,9.02,16.31,9.9,16.12,5.85,5.93,6.35,15.57,14.77,14.49,16.83,16.09,15.77,1.0,1.0,1,0,123,23.2,11.047,0.019,0,10.35,0.029,0,10.03,0.033,0,24.0,11.11,0.016,0,25.6,10.41,0.026,0,34.7,10.011,0.035,0,19.5,11.104,0.016,0,20.3,10.393,0.026,0,25.9,9.994,0.036,0,25.9,11.013,0.021,0,10.327,0.033,0,9.994,0.036,0,19.1,11.208,0.014,0,22.1,10.455,0.023,0,30.9,10.049,0.032,0,15.4,11.212,0.014,0,18.2,10.429,0.024,0,23.2,10.03,0.033,0,24.1,11.11,0.016,0,29.6,10.366,0.029,0,120.0,9.815,0.166,1,24.1,11.11,0.016,0,10.414,0.025,0,10.097,0.028,0,19.9,11.097,0.017,0,27.0,10.317,0.034,0,35.6,9.872,0.048,0,19.9,11.097,0.017,0,10.4,0.026,0,10.079,0.029,0,11.957,0.005,0,11.213,0.007,0,10.898,0.008,0,11.696,0.006,0,10.96,0.007,0,10.652,0.008,0,11.47,0.007,0,10.739,0.009,0,10.435,0.01,0,11.226,0.008,0,10.513,0.011,0,10.211,0.012,0,11.095,0.009,0,10.398,0.013,0,10.077,0.015,0,11.023,0.011,0,10.335,0.016,0,10.007,0.018,0,10.957,0.013,0,10.294,0.019,0,9.94,0.021,0,10.861,0.017,0,10.205,0.025,0,9.825,0.027,0,10.787,0.022,0,10.167,0.033,0,9.766,0.035,0,,,,,,,,,,,,,,,,,,,10.908,0.015,10.25,0.022,9.886,0.024,0,1,0.56,-40,0.52,-40,0.54,-35,,,,,,,0.926,2.593,0.983,1.829,0.941,2.337,1.0,0.04,0.96,0.05,0.99,0.06,30.4,26.2,27.9,21.4,11.1,13.0,23.7,20.0,0.0,17.5,22.9,28.3,21.8,8.8,10.2,19.2,20.2,0.0,22.8,17.6,20.6,18.1,6.0,6.6,14.3,17.5,0.0,10.7,9.8,0,11.7,0,0,0,1,ESO_508-_G_008,______,1,0,1,412.0,10,128168,9436.6,192.4,sw,72687091,,67,3384,77823,120113020,s,1998-05-30,42,162,4779,-0.8496869654844799,-0.2576874566386765,-0.4600317764860015,317.0,916.0,0.0,0.0,0.0,108.6,484.3,418.3,0.074,0.014,0.003,104,0.031,136,0.024,102,0.014,-0.5,-0.8,-0.4,128169,ESO508-G008
2451380.9317,01350671-2240164,23.777975,-22.671236,23.777952,-22.6712,191.078458,-79.145897,2.69,10.8,14.323,0.077,0,13.33,0.078,0,12.91,0.087,0,5.3,0.58,40,0.58,50,0.5,40,10.1,0.42,35,15.1,14.173,0.096,0,13.096,0.094,0,12.734,0.109,0,24.89,14.128,0.115,0.151,12.946,0.097,1.056,12.632,0.111,1.31,5.24,19.1,7.03,18.44,4.84,17.55,3.94,4.54,4.73,18.34,17.32,16.68,19.56,18.58,18.13,1.0,1.0,1,0,49,8.3,14.344,0.085,0,13.307,0.084,0,12.89,0.093,0,10.7,14.296,0.08,0,14.8,13.076,0.098,0,15.1,12.734,0.109,0,7.6,14.385,0.08,0,11.8,13.065,0.102,0,11.2,12.732,0.115,0,11.2,14.248,0.107,0,13.09,0.098,0,12.732,0.115,0,5.8,14.772,0.062,0,9.0,13.429,0.075,0,10.8,12.91,0.087,0,5.0,14.682,0.066,0,7.0,13.44,0.077,0,8.3,12.89,0.093,0,8.8,14.406,0.071,0,14.2,13.11,0.096,0,15.0,12.734,0.109,0,8.8,14.406,0.071,0,13.443,0.073,0,12.993,0.079,0,5.9,14.546,0.07,0,12.8,13.019,0.108,0,9.9,12.783,0.105,0,7.0,14.43,0.076,0,13.441,0.077,0,13.013,0.084,0,14.682,0.061,0,13.713,0.063,0,13.224,0.061,0,14.43,0.068,0,13.441,0.068,0,13.013,0.07,0,14.278,0.085,0,13.156,0.076,0,12.78,0.081,0,14.152,0.115,0,12.881,0.09,0,12.647,0.11,0,14.082,0.148,0,12.642,0.099,0,12.552,0.138,0,13.866,0.157,0,12.389,0.101,0,12.492,0.169,0,,,,,,,,,,,,,,,,,,,,,,,,,,,,,,,,,,,,,,,,,,,,,,14.144,0.115,12.871,0.09,12.648,0.111,0,0,0.66,55,0.6,45,0.62,45,,,,,,,0.993,0.62,0.996,1.109,0.988,1.277,0.97,0.04,0.93,0.04,0.96,0.05,14.9,28.0,29.7,13.8,13.3,16.9,21.1,10.6,0.0,17.9,29.5,32.8,10.6,10.7,12.0,18.7,9.4,0.0,11.7,12.9,11.8,6.9,5.9,6.6,6.8,5.6,0.0,15.4,13.2,0,14.8,0,0,0,0,,______,1,0,1,106.0,238,1075394,4794.6,184.0,sw,508742889,,542,28228,649226,100300313,s,1999-07-21,156,56,2751,0.8444053749203841,0.3720394713289356,-0.3854428551404884,325.0,923.0,0.0,0.0,0.0,113.9,440.3,387.2,0.098,0.48,0.172,108,0.021,160,0.091,160,0.039,-0.3,-0.5,-0.7,1075390,2MASXJ01350671-2240164
2451379.9363,00404886-2030272,10.203597,-20.507572,10.20368,-20.507561,102.22848,-82.948288,2.66,7.5,13.687,0.049,0,13.041,0.066,0,12.602,0.07,0,4.9,0.92,-85,0.74,-55,0.92,-85,7.2,0.84,-30,8.6,13.629,0.054,0,12.966,0.071,0,12.561,0.078,0,13.09,13.515,0.06,0.439,12.721,0.071,1.569,12.471,0.083,0.5,3.39,18.07,3.83,17.52,3.16,16.92,3.16,3.93,3.0,17.25,16.49,16.15,18.8,18.16,17.71,1.0,1.0,1,0,37,7.3,13.684,0.05,0,13.031,0.066,0,12.592,0.071,0,8.4,13.638,0.053,0,11.6,12.865,0.081,0,8.6,12.561,0.078,0,8.4,13.626,0.054,0,9.9,12.88,0.081,0,9.2,12.519,0.085,0,9.2,13.59,0.059,0,12.911,0.077,0,12.519,0.085,0,5.4,13.883,0.041,0,8.6,13.022,0.066,0,7.5,12.602,0.07,0,5.5,13.842,0.042,0,7.1,13.047,0.065,0,7.3,12.592,0.071,0,8.0,13.657,0.051,0,11.8,12.861,0.082,0,8.5,12.565,0.077,0,8.0,13.657,0.051,0,13.004,0.068,0,12.58,0.074,0,7.5,13.671,0.051,0,9.3,12.907,0.078,0,9.1,12.522,0.084,0,7.5,13.671,0.051,0,13.015,0.067,0,12.582,0.072,0,13.91,0.033,0,13.255,0.045,0,12.816,0.043,0,13.707,0.038,0,13.057,0.052,0,12.611,0.05,0,13.562,0.048,0,12.873,0.063,0,12.496,0.065,0,13.492,0.069,0,12.719,0.084,0,12.433,0.093,0,13.444,0.09,0,12.608,0.103,0,12.217,0.105,0,13.249,0.097,0,12.455,0.116,0,12.066,0.118,0,,,,,,,,,,,,,,,,,,,,,,,,,,,,,,,,,,,,,,,,,,,,,,13.616,0.044,12.942,0.058,12.538,0.058,0,0,0.92,-40,0.86,-30,0.84,-70,,,,,,,0.787,2.467,0.921,1.93,0.913,1.802,0.97,0.04,0.94,0.04,0.98,0.05,15.1,19.4,24.8,15.8,9.6,11.4,14.9,15.3,0.0,6.7,15.2,18.7,10.0,7.2,7.8,10.1,8.8,0.0,6.9,14.7,15.9,13.2,6.0,6.4,10.1,12.2,0.0,12.6,9.9,0,12.7,0,0,0,0,,______,1,0,1,94.7,338,1072495,9562.3,56.9,ne,506518903,,541,28156,647575,100321110,s,1999-07-20,153,115,6530,0.9218126814944511,0.1659200253516031,-0.3503311653611954,61.0,185.0,0.0,0.0,0.0,137.9,538.4,426.8,0.119,0.222,0.361,88,0.026,86,0.114,144,0.046,-0.1,-0.2,-0.7,1072494,2MASXJ00404886-2030272
2451029.7644,21143235-2646454,318.634827,-26.779291,318.634888,-26.779375,20.248601,-42.062248,2.93,6.4,14.574,0.065,0,13.972,0.083,0,13.572,0.108,0,4.2,1.0,90,0.76,-25,1.0,90,5.0,1.0,90,9.5,14.424,0.087,0,13.849,0.111,0,13.361,0.14,0,12.21,14.436,0.097,0.5,13.639,0.112,0.242,13.108,0.128,0.294,2.94,18.76,3.42,18.3,4.18,18.19,2.76,3.59,4.06,18.08,17.41,17.1,19.62,19.0,18.63,1.0,1.0,-1,0,31,6.4,14.574,0.065,0,13.972,0.083,0,13.572,0.108,0,5.0,14.717,0.057,0,8.7,13.939,0.096,0,9.5,13.361,0.14,0,5.0,14.717,0.057,0,6.6,13.962,0.085,0,9.5,13.361,0.14,0,9.5,14.424,0.087,0,13.849,0.111,0,13.361,0.14,0,5.0,14.723,0.057,0,6.4,14.051,0.077,0,6.4,13.572,0.108,0,5.0,14.723,0.057,0,5.0,14.098,0.073,0,6.4,13.572,0.108,0,5.6,14.648,0.06,0,7.2,14.001,0.083,0,13.8,13.033,0.172,0,7.0,14.538,0.069,0,13.944,0.089,0,13.523,0.112,0,5.6,14.648,0.06,0,6.4,13.972,0.083,0,13.8,13.033,0.172,0,7.0,14.538,0.069,0,13.944,0.089,0,13.523,0.112,0,14.723,0.054,0,14.098,0.073,0,13.731,0.097,0,14.538,0.063,0,13.944,0.089,0,13.523,0.112,0,14.4,0.08,0,13.817,0.113,0,13.319,0.134,0,14.129,0.095,0,13.492,0.128,0,12.986,0.151,0,13.922,0.108,3,13.261,0.142,3,12.79,0.172,3,13.669,0.11,2,12.964,0.139,2,12.477,0.165,2,,,,,,,,,,,,,,,,,,,,,,,,,,,,,,,,,,,,,,,,,,,,,,12.862,0.033,12.265,0.046,11.808,0.057,1,0,0.86,-45,0.66,-40,1.0,90,,,,,,,0.993,2.168,0.869,2.26,0.977,1.765,1.01,0.04,0.97,0.04,1.0,0.05,10.0,19.5,21.4,15.3,11.6,13.2,10.9,13.1,0.0,13.9,17.6,17.3,8.8,9.1,10.0,7.2,7.0,0.0,10.3,12.4,13.4,6.1,6.2,6.6,5.9,2.6,0.0,15.4,21.8,0,15.4,0,0,0,0,,______,1,0,1,22.2,98,2600476,10540.0,239.9,nw,1313725023,,1451,70846,1629446,133321022,s,1998-08-04,28,127,5893,0.6700194408646479,-0.5899781653746413,-0.4505548948181533,269.0,178.0,0.0,0.0,0.0,66.8,264.9,370.4,0.111,0.14,0.152,136,0.016,90,0.015,62,0.031,-0.3,-0.2,-0.6,2600470,2MASXJ21143235-2646454
,00424433+4116074,10.68471,41.268749,10.68471,41.268749,121.174,-21.573,,1614.7,2.149,0.015,1,1.331,0.016,1,1.038,0.016,1,,0.473,47,0.473,47,0.561,45,,0.473,45,1340.2,2.191,0.015,1,1.374,0.015,1,1.087,0.015,1,3100.0,2.094,0.016,,1.283,0.017,,0.984,0.017,,462.65,16.6,418.45,15.57,443.23,15.4,4.03,4.29,4.3,,,,,,,,,1,Z,,,,,,,,,,,,,,,,,,,,,,,,,,,,,,,,,,,,,,,,,,,,,,,,,,,,,,,,,,,,,,,,,,,,,,,,,,,,,,,,,,,,,,,,,,,,,,,,,,,,,,,,,,,,,,,,,,,,,,,,,,,8.009,0.015,0,7.054,0.015,0,6.793,0.015,0,,,,,,,,,,,,,,,,,,,,,,,,,,,,,,,,,,,,,,,,,,,,,,,,,,,,,,,,,,,,,,,,,,,,,,,,,,,,,,,,,,,,,,,,,,,,,,,,,,,,,,,,,,,,,,,,,,,,,,,,,,,,,,,,,,,,,,,,,,,,,,,,,,,,1,M31,,,0,1,123.8,262,965979,,,,,,,,,233001221,,,,,,0.738592583296602,0.139354389193191,0.659591805673664,,,,,,,,,,,,,,,,,,,,,5000001,MESSIER031
2451609.5568,05240050-2004524,81.002106,-20.081223,81.002098,-20.08128,222.449013,-27.888995,2.97,17.0,12.753,0.046,0,12.142,0.059,0,11.829,0.092,0,10.5,0.44,-5,0.48,-5,0.48,-10,14.5,0.48,-5,25.4,12.556,0.06,0,11.99,0.081,0,11.605,0.121,0,28.44,12.511,0.049,2.384,11.961,0.063,1.521,11.682,0.091,0.647,9.67,18.64,8.63,17.84,8.3,17.48,4.1,4.3,4.34,17.2,16.55,16.27,18.42,17.79,17.44,1.0,1.0,1,0,81,13.0,12.732,0.05,0,12.152,0.066,0,11.805,0.101,0,23.4,12.602,0.055,0,23.1,12.013,0.074,0,25.4,11.605,0.121,0,14.1,12.693,0.053,0,14.7,12.12,0.073,0,20.4,11.498,0.133,0,20.4,12.54,0.07,0,12.027,0.098,0,11.498,0.133,0,14.1,12.929,0.042,0,16.6,12.152,0.058,0,17.0,11.829,0.092,0,8.2,13.082,0.041,0,10.7,12.249,0.058,0,13.0,11.805,0.101,0,19.5,12.697,0.049,0,21.0,12.048,0.069,0,21.4,11.714,0.109,0,19.5,12.697,0.049,0,12.094,0.063,0,11.788,0.099,0,12.6,12.749,0.049,0,13.1,12.149,0.066,0,18.8,11.549,0.125,0,12.6,12.749,0.049,0,12.164,0.064,0,11.823,0.099,0,13.566,0.028,0,12.929,0.034,0,12.58,0.046,0,13.223,0.029,0,12.609,0.035,0,12.268,0.049,0,12.921,0.031,0,12.301,0.038,0,11.984,0.054,0,12.663,0.038,0,12.118,0.049,0,11.723,0.065,0,12.547,0.046,0,12.039,0.063,0,11.508,0.073,0,12.535,0.059,0,12.031,0.08,0,11.425,0.087,0,12.508,0.071,0,12.007,0.098,0,11.414,0.107,0,12.345,0.089,0,12.059,0.148,0,11.37,0.149,0,,,,,,,,,,,,,,,,,,,,,,,,,,,,12.54,0.06,12.035,0.082,11.411,0.087,0,0,0.52,-10,0.5,-10,0.74,-5,,,,,,,0.797,1.552,0.915,1.408,0.994,1.193,0.98,0.04,0.95,0.04,0.97,0.06,31.7,41.3,47.5,29.0,13.0,17.1,30.5,28.6,0.0,13.9,36.9,38.5,18.0,9.8,11.2,22.2,15.2,0.0,20.0,24.3,24.7,15.7,7.2,7.7,18.3,13.9,0.0,16.3,16.1,0,11.1,0,0,0,1,ESO_553-_G_041,______,1,0,1,200.1,17,1746606,8033.4,67.5,ne,868053121,,931,47334,1088668,102313323,s,2000-03-06,28,103,7142,0.1468902202258115,0.9276490312455306,-0.3433519157238551,72.0,744.0,0.0,0.0,0.0,113.8,455.3,641.7,0.09,0.114,0.151,48,0.008,24,0.016,24,0.031,-0.4,-0.2,-0.2,1746571,ESO553-G041
,01335090+3039357,23.462099,30.659941,23.462099,30.659941,133.61,-31.331,,499.9,5.382,0.017,1,4.721,0.018,1,4.492,0.02,1,,0.78,3,0.8,45,0.8,50,,0.792,13,880.8,5.055,0.023,1,4.393,0.028,1,4.155,0.033,1,1075.3,5.039,0.029,,4.353,0.038,,4.102,0.044,,342.43,19.45,352.46,18.83,360.05,18.63,2.68,2.67,2.68,,,,,,,,,1,Z,,,,,,,,,,,,,,,,,,,,,,,,,,,,,,,,,,,,,,,,,,,,,,,,,,,,,,,,,,,,,,,,,,,,,,,,,,,,,,,,,,,,,,,,,,,,,,,,,,,,,,,,,,,,,,,,,,,,,,,,,,,11.367,0.016,0,10.748,0.016,0,10.541,0.017,0,,,,,,,,,,,,,,,,,,,,,,,,,,,,,,,,,,,,,,,,,,,,,,,,,,,,,,,,,,,,,,,,,,,,,,,,,,,,,,,,,,,,,,,,,,,,,,,,,,,,,,,,,,,,,,,,,,,,,,,,,,,,,,,,,,,,,,,,,,,,,,,,,,,,1,M33,,,0,1,50.4,293,310760,,,,,,,,,233013112,,,,,,0.7890900676852316,0.3424856372160368,0.5099416176203331,,,,,,,,,,,,,,,,,,,,,5000003,MESSIER033
2451313.7871,15340721+5703339,233.530045,57.059437,233.530121,57.059418,90.552087,48.567798,2.78,7.0,13.819,0.045,0,13.181,0.058,0,12.698,0.074,0,4.8,0.98,30,0.86,30,0.98,30,6.4,0.88,-85,8.0,13.765,0.049,0,13.147,0.064,0,12.654,0.082,0,14.77,13.646,0.06,0.5,13.069,0.086,0.5,12.615,0.099,0.5,3.13,18.09,2.8,17.3,2.93,16.92,2.96,2.72,2.67,17.35,16.62,16.28,18.89,18.22,17.78,1.0,1.0,-1,0,29,6.5,13.848,0.043,0,13.199,0.055,0,12.724,0.07,0,6.8,13.833,0.044,0,7.6,13.18,0.058,0,8.0,12.654,0.082,0,8.1,13.755,0.05,0,6.9,13.183,0.057,0,8.2,12.646,0.085,0,8.2,13.753,0.05,0,13.137,0.066,0,12.646,0.085,0,5.0,13.999,0.037,0,6.3,13.237,0.05,0,7.0,12.698,0.074,0,5.5,13.936,0.039,0,5.7,13.244,0.05,0,6.5,12.724,0.07,0,6.7,13.836,0.044,0,7.3,13.188,0.057,0,8.0,12.653,0.082,0,7.0,13.818,0.045,0,13.181,0.058,0,12.698,0.074,0,6.7,13.832,0.044,0,6.6,13.194,0.056,0,9.1,12.632,0.093,0,7.0,13.814,0.045,0,13.178,0.058,0,12.693,0.074,0,13.998,0.031,0,13.314,0.039,0,12.879,0.048,0,13.814,0.037,0,13.178,0.049,0,12.693,0.056,0,13.702,0.047,0,13.085,0.064,0,12.618,0.075,0,13.606,0.066,0,13.072,0.097,0,12.461,0.099,0,13.565,0.087,0,13.032,0.128,0,12.435,0.133,0,,,,,,,,,,,,,,,,,,,,,,,,,,,,,,,,,,,,,,,,,,,,,,,,,,,,,,,13.768,0.039,13.15,0.053,12.651,0.06,0,1,1.0,25,0.86,25,0.9,70,,,,,,,0.995,1.353,0.998,1.367,0.99,1.76,1.0,0.03,1.0,0.04,1.02,0.05,16.2,22.4,24.4,16.1,11.2,13.9,13.3,14.4,0.0,13.7,15.2,17.6,13.2,7.4,8.0,9.4,10.4,0.0,12.6,14.9,16.1,13.0,6.0,6.5,7.9,12.5,0.0,8.7,11.2,0,9.6,0,0,0,0,,______,1,0,1,264.7,220,1396801,10612.0,236.6,nw,671118374,,716,36717,844480,211220223,n,1999-05-15,59,138,5333,-0.3232167717151682,-0.4372817735115921,0.8392351095113821,272.0,878.0,0.0,0.0,0.0,71.4,453.5,429.0,0.062,0.021,0.118,52,0.015,84,0.022,116,0.009,-0.1,-0.4,0.0,1396800,2MASXJ15340721+5703339
2451316.7994,17083819+4515289,257.159149,45.25803,257.15921,45.258049,70.785459,36.552612,2.83,7.7,13.925,0.046,0,13.162,0.051,0,12.757,0.077,0,5.1,0.74,-85,0.66,90,0.74,-70,7.7,0.72,80,9.6,13.829,0.053,0,13.058,0.059,0,12.694,0.092,0,15.49,13.634,0.054,1.863,12.897,0.063,1.823,12.647,0.101,0.5,4.21,18.42,4.21,17.69,3.41,17.16,3.43,3.28,2.81,17.73,17.01,16.65,18.99,18.23,17.82,1.0,1.0,-1,0,37,7.0,13.907,0.048,0,13.142,0.053,0,12.738,0.08,0,10.2,13.783,0.055,0,11.8,12.996,0.065,0,9.6,12.694,0.092,0,8.7,13.805,0.055,0,9.5,12.994,0.065,0,8.5,12.677,0.094,0,8.5,13.817,0.054,0,13.051,0.06,0,12.677,0.094,0,6.6,14.005,0.042,0,8.6,13.117,0.052,0,7.7,12.757,0.077,0,5.5,14.028,0.042,0,6.3,13.193,0.049,0,7.0,12.738,0.08,0,8.8,13.86,0.05,0,10.8,13.013,0.061,0,9.6,12.694,0.092,0,8.8,13.86,0.05,0,13.086,0.055,0,12.718,0.085,0,7.3,13.885,0.049,0,8.7,13.035,0.061,0,8.4,12.679,0.093,0,7.3,13.885,0.049,0,13.121,0.054,0,12.722,0.083,0,14.096,0.034,0,13.348,0.038,0,12.936,0.053,0,13.907,0.039,0,13.142,0.044,0,12.738,0.061,0,13.736,0.048,0,12.978,0.054,0,12.632,0.08,0,13.591,0.064,0,13.004,0.084,0,12.54,0.112,0,13.543,0.084,0,12.893,0.104,0,12.543,0.154,0,13.488,0.103,0,12.808,0.124,0,12.521,0.195,0,,,,,,,,,,,,,,,,,,,,,,,,,,,,,,,,,,,,,,,,,,,,,,13.752,0.047,12.987,0.053,12.644,0.078,0,0,0.82,-70,0.74,-80,0.82,-80,,,,,,,0.994,1.582,0.803,2.456,0.989,1.593,1.05,0.04,1.05,0.04,1.11,0.06,14.7,24.3,23.7,15.4,12.2,13.8,15.3,12.4,0.0,15.1,22.7,23.9,8.5,11.8,12.7,13.5,4.0,0.0,18.6,15.3,18.7,13.2,8.0,7.8,9.4,12.6,0.0,9.4,6.4,0,12.6,0,0,0,0,,______,1,0,1,147.0,140,1372186,9896.7,109.3,nw,659880967,,702,35997,827919,213203313,n,1999-05-18,62,126,6229,-0.1564407205532889,-0.6863110728913187,0.7102840362696707,399.0,822.0,0.0,0.0,0.0,77.5,383.5,514.3,0.042,0.165,0.002,90,0.028,92,0.027,130,0.032,-0.1,-0.2,-0.3,1372185,2MASXJ17083819+4515289
,00424433+4116074,10.68471,41.268749,10.68471,41.268749,121.174,-21.573,,1614.7,2.149,0.015,1,1.331,0.016,1,1.038,0.016,1,,0.473,47,0.473,47,0.561,45,,0.473,45,1340.2,2.191,0.015,1,1.374,0.015,1,1.087,0.015,1,3100.0,2.094,0.016,,1.283,0.017,,0.984,0.017,,462.65,16.6,418.45,15.57,443.23,15.4,4.03,4.29,4.3,,,,,,,,,1,Z,,,,,,,,,,,,,,,,,,,,,,,,,,,,,,,,,,,,,,,,,,,,,,,,,,,,,,,,,,,,,,,,,,,,,,,,,,,,,,,,,,,,,,,,,,,,,,,,,,,,,,,,,,,,,,,,,,,,,,,,,,,8.009,0.015,0,7.054,0.015,0,6.793,0.015,0,,,,,,,,,,,,,,,,,,,,,,,,,,,,,,,,,,,,,,,,,,,,,,,,,,,,,,,,,,,,,,,,,,,,,,,,,,,,,,,,,,,,,,,,,,,,,,,,,,,,,,,,,,,,,,,,,,,,,,,,,,,,,,,,,,,,,,,,,,,,,,,,,,,,1,M31,,,0,1,123.8,262,965979,,,,,,,,,233001221,,,,,,0.738592583296602,0.139354389193191,0.659591805673664,,,,,,,,,,,,,,,,,,,,,5000001,MESSIER031
2450749.8418,03502671+1849383,57.611317,18.827309,57.611393,18.827225,171.232027,-26.812021,2.94,13.7,12.452,0.028,0,11.66,0.038,0,11.352,0.047,0,8.5,0.52,-40,0.58,-30,0.62,-40,11.7,0.64,-40,14.0,12.446,0.028,0,11.654,0.038,0,11.347,0.047,0,33.72,12.232,0.037,0.39,11.395,0.045,2.583,11.224,0.054,1.131,5.09,17.25,5.48,16.58,3.95,15.9,5.07,5.34,4.22,16.18,15.4,15.07,17.73,16.95,16.6,1.0,1.0,1,0,59,10.6,12.474,0.028,0,11.679,0.037,0,11.368,0.046,0,14.1,12.474,0.026,0,15.8,11.632,0.041,0,14.0,11.347,0.047,0,10.0,12.494,0.026,0,11.3,11.656,0.039,0,10.8,11.363,0.047,0,10.8,12.468,0.028,0,11.672,0.038,0,11.363,0.047,0,11.0,12.576,0.022,0,14.6,11.652,0.039,0,13.7,11.352,0.047,0,7.8,12.596,0.022,0,9.8,11.708,0.035,0,10.6,11.368,0.046,0,15.8,12.437,0.029,0,21.4,11.558,0.054,0,18.3,11.285,0.06,0,15.8,12.437,0.029,0,11.648,0.039,0,11.339,0.049,0,10.8,12.468,0.028,0,14.2,11.594,0.048,0,14.8,11.299,0.062,0,10.8,12.468,0.028,0,11.673,0.038,0,11.363,0.047,0,12.831,0.012,0,12.048,0.015,0,11.699,0.016,0,12.649,0.014,0,11.854,0.018,0,11.517,0.019,0,12.494,0.018,0,11.7,0.022,0,11.384,0.024,0,12.378,0.024,0,11.578,0.03,0,11.296,0.033,0,12.306,0.03,0,11.5,0.038,0,11.233,0.043,0,12.269,0.038,0,11.454,0.047,0,11.157,0.052,0,,,,,,,,,,,,,,,,,,,,,,,,,,,,,,,,,,,,,,,,,,,,,,12.396,0.023,11.596,0.028,11.308,0.031,0,0,0.64,-45,0.62,-40,0.62,-40,,,,,,,0.711,4.776,0.96,4.28,0.665,5.572,0.98,0.03,0.95,0.04,0.98,0.05,16.5,21.4,22.6,12.3,11.2,12.4,12.5,10.6,0.0,15.4,19.1,21.8,10.7,8.5,9.2,9.8,10.0,0.0,7.7,14.1,16.1,10.2,6.0,6.5,7.9,8.5,0.0,14.5,9.1,0,8.8,0,0,0,0,,______,1,0,1,271.6,249,2543161,3500.6,225.0,se,1292217080,,1418,69453,1597416,233113103,n,1997-10-28,14,232,1689,0.506999819615559,0.799252782260837,0.3227168619054508,233.0,796.0,0.0,0.0,0.0,125.7,728.4,435.0,0.125,0.364,0.237,66,0.036,92,0.071,66,0.057,-0.4,-0.4,-0.5,2543224,2MASXJ03502671+1849383
2451204.7824,11454645-0414483,176.443558,-4.246751,176.443542,-4.246805,273.626134,54.844962,2.85,8.5,14.146,0.055,0,13.561,0.063,0,12.969,0.096,0,5.4,0.86,25,0.82,-5,0.62,40,7.7,0.74,-75,11.7,13.966,0.066,0,13.293,0.074,0,12.845,0.123,0,20.15,13.682,0.062,0.818,13.127,0.079,0.698,12.717,0.125,0.128,5.83,18.98,5.63,18.37,4.1,17.46,4.79,4.44,3.55,17.8,17.08,16.7,19.22,18.64,18.03,1.0,1.0,1,0,41,6.5,14.144,0.053,0,13.539,0.061,0,12.982,0.093,0,10.2,13.933,0.066,3,12.7,13.108,0.082,1,11.7,12.845,0.123,0,10.1,13.87,0.068,1,11.4,13.115,0.081,1,8.1,12.911,0.112,0,8.1,14.017,0.06,0,13.357,0.067,0,12.911,0.112,0,6.5,14.198,0.052,0,7.7,13.469,0.063,0,8.5,12.969,0.096,0,6.4,14.153,0.053,0,6.8,13.497,0.062,0,6.5,12.982,0.093,0,8.1,14.062,0.058,0,12.3,13.126,0.08,1,11.9,12.839,0.125,0,8.1,14.062,0.058,0,13.42,0.065,0,12.937,0.106,0,7.6,14.048,0.058,0,10.8,13.145,0.079,1,7.2,12.947,0.102,0,7.6,14.048,0.058,0,13.402,0.065,0,12.933,0.107,0,14.339,0.042,0,13.761,0.053,0,13.142,0.069,0,14.097,0.047,0,13.473,0.057,0,12.957,0.082,0,13.877,0.055,1,13.192,0.063,1,12.797,0.102,1,13.58,0.064,1,12.928,0.075,1,12.625,0.133,1,13.416,0.075,1,12.711,0.084,1,12.579,0.174,1,13.223,0.081,1,12.477,0.088,1,12.259,0.167,1,,,,,,,,,,,,,,,,,,,,,,,,,,,,,,,,,,,,,,,,,,,,,,13.72,0.056,13.036,0.065,12.666,0.107,0,1,0.82,-20,0.82,5,0.6,30,,,,,,,0.853,2.097,0.87,1.974,0.992,0.466,0.94,0.03,0.92,0.03,0.94,0.06,23.7,32.5,34.1,19.0,14.7,18.4,20.2,16.9,0.0,24.1,27.8,31.3,10.3,10.4,12.1,21.6,9.1,0.0,19.6,18.3,17.4,11.0,6.3,6.1,11.2,9.9,0.0,15.7,11.2,1,16.7,0,0,0,0,,______,1,0,0,15.0,305,635967,6322.6,24.2,sw,,,305,15847,364465,112003322,s,1999-01-26,88,80,2776,-0.9953338487329908,0.0618614557717908,-0.0740519402592981,485.0,510.0,0.0,0.0,0.0,80.2,254.0,557.5,0.164,0.298,0.263,40,0.018,30,0.02,38,0.005,0.0,-0.3,0.1,635995,2MASXJ11454645-0414483
2450941.8383,16544052+4044510,253.668839,40.747524,253.668808,40.747551,64.879528,38.790732,2.95,7.7,14.239,0.057,0,13.569,0.077,0,13.132,0.082,0,4.3,0.76,-45,0.9,60,0.76,-45,5.7,0.94,-80,9.3,14.155,0.065,0,13.5,0.089,0,13.061,0.095,0,14.22,14.015,0.073,0.548,13.528,0.128,0.5,12.942,0.11,1.556,3.74,18.63,2.9,17.82,3.37,17.47,3.25,2.76,3.43,17.96,17.29,16.67,19.31,18.61,18.21,1.0,1.0,1,0,31,6.6,14.253,0.057,0,13.563,0.076,0,13.139,0.081,0,8.4,14.204,0.06,0,7.7,13.526,0.082,0,9.3,13.061,0.095,0,7.4,14.199,0.061,0,7.4,13.525,0.083,0,8.0,13.063,0.094,0,8.0,14.166,0.064,0,13.507,0.089,0,13.063,0.094,0,5.0,14.509,0.046,0,5.6,13.67,0.065,0,7.7,13.132,0.082,0,5.0,14.411,0.048,0,5.4,13.657,0.066,0,6.6,13.139,0.081,0,7.3,14.264,0.055,0,7.0,13.557,0.076,0,9.9,13.053,0.101,0,7.3,14.264,0.055,0,13.591,0.074,0,13.162,0.079,0,6.1,14.292,0.054,0,6.6,13.565,0.075,0,7.6,13.077,0.089,0,7.0,14.225,0.059,0,13.543,0.079,0,13.109,0.084,0,14.411,0.043,0,13.711,0.061,0,13.322,0.063,0,14.225,0.051,0,13.543,0.073,0,13.109,0.073,0,14.089,0.064,0,13.439,0.095,0,13.065,0.101,0,14.058,0.095,0,13.455,0.148,0,13.207,0.175,0,14.178,0.145,0,13.582,0.227,0,13.186,0.235,0,,,,,,,,,,,,,,,,,,,,,,,,,,,,,,,,,,,,,,,,,,,,,,,,,,,,,,,14.107,0.061,13.468,0.092,13.059,0.094,0,1,0.82,-45,0.86,-50,0.68,-50,,,,,,,0.999,1.279,0.993,1.204,0.984,1.359,1.09,0.04,1.06,0.04,1.05,0.05,11.0,20.2,20.7,10.5,10.9,11.6,13.7,8.7,0.0,14.4,20.0,18.4,8.4,9.5,9.9,11.4,5.7,0.0,10.5,13.3,16.5,9.7,5.6,6.2,8.7,8.8,0.0,9.3,10.1,0,12.5,0,0,0,0,,______,1,0,1,294.4,95,629156,4535.9,107.2,ne,241583451,,301,15625,359357,213202212,n,1998-05-08,24,56,8557,-0.2130266214163319,-0.7270262055356619,0.652727014173889,111.0,360.0,0.0,0.0,0.0,130.3,611.6,368.4,-0.11,-0.119,-0.059,62,0.028,42,0.011,84,0.057,-0.1,-0.2,-0.5,629031,2MASXJ16544052+4044510
2451260.8044,11541609+2043429,178.567047,20.728598,178.567139,20.728703,235.986134,75.467399,2.58,5.0,15.259,0.09,0,,,,14.573,0.199,0,3.6,1.0,90,1.0,90,1.0,90,3.4,1.0,90,4.0,15.259,0.09,0,,,,14.568,0.156,0,10.05,14.903,0.12,0.5,15.036,0.0,,14.573,0.199,,3.0,19.27,1.88,18.38,1.64,17.56,3.14,2.39,2.31,18.45,,17.3,20.15,,19.51,1.0,1.0,-1,0,29,5.0,15.259,0.09,0,,,,14.573,0.199,0,4.8,15.281,0.088,0,,,,,4.0,14.568,0.156,0,4.8,15.281,0.088,0,,,,,4.0,14.568,0.156,0,4.0,15.259,0.09,0,,,,14.568,0.156,0,5.0,15.259,0.09,0,,,,,5.0,14.573,0.199,0,5.0,15.259,0.09,0,,,,,5.0,14.573,0.199,0,5.0,15.259,0.09,0,,,,,5.0,14.573,0.199,0,7.0,15.04,0.102,0,15.036,0.242,0,14.272,0.212,0,5.0,15.259,0.09,0,,,,,5.0,14.573,0.199,0,7.0,15.04,0.102,0,15.036,0.242,0,14.272,0.212,0,15.259,0.09,0,15.124,0.188,0,14.573,0.199,0,15.04,0.102,0,15.036,0.242,0,14.272,0.212,0,14.845,0.123,0,14.684,0.252,0,13.991,0.235,0,14.697,0.164,0,14.389,0.294,0,13.799,0.301,0,,,,,,,,,,,,,,,,,,,,,,,,,,,,,,,,,,,,,,,,,,,,,,,,,,,,,,,,,,,,,,,,15.445,0.08,15.147,0.145,14.588,0.152,0,0,1.0,90,1.0,90,1.0,90,,,,,,,,,,,0.972,1.413,0.98,0.03,0.96,0.04,0.98,0.05,5.1,17.3,18.5,3.7,11.6,14.7,5.7,1.7,0.0,,,,,,,0.0,0.0,0.0,7.0,-1.4,-2.8,-5.3,-0.8,1.0,-1.0,0.0,0.0,18.8,18.8,0,18.8,0,0,0,0,,______,1,0,1,21.9,223,1256768,10345.6,164.2,se,585790820,,638,32660,751170,220010032,n,1999-03-23,72,150,4485,-0.9349750008671995,0.0233883656182177,0.3539417072161585,170.0,849.0,0.0,0.0,0.0,66.2,387.6,333.4,0.074,0.138,0.06,114,0.01,90,0.051,46,0.035,-0.1,0.8,0.3,1256769,2MASXJ11541609+2043429
2451321.7047,14221319+4829540,215.554977,48.49836,215.554977,48.498344,89.53488,62.323303,2.92,12.8,12.886,0.043,0,12.149,0.055,0,11.781,0.076,0,6.3,0.86,45,0.96,-80,0.86,-30,10.2,0.8,35,16.6,12.767,0.052,5,12.037,0.067,5,11.651,0.092,5,28.26,12.739,0.06,1.482,11.77,0.059,2.876,11.543,0.082,0.692,4.85,18.0,6.42,17.64,5.51,17.07,3.72,5.29,4.26,16.99,16.27,15.91,18.27,17.53,17.2,1.0,1.0,1,0,53,12.4,12.864,0.044,5,12.123,0.056,5,11.74,0.077,5,11.6,12.911,0.04,0,12.9,12.113,0.057,5,16.6,11.651,0.092,5,10.8,12.917,0.04,0,12.2,12.129,0.056,3,15.8,11.626,0.092,5,15.8,12.745,0.052,5,12.017,0.067,5,11.626,0.092,5,7.7,13.127,0.031,0,9.5,12.261,0.046,0,12.8,11.781,0.076,0,7.2,13.127,0.031,0,8.7,12.285,0.044,0,12.4,11.74,0.077,5,11.1,12.929,0.039,0,18.1,11.966,0.073,5,17.8,11.625,0.097,5,11.1,12.929,0.039,0,12.212,0.05,0,11.835,0.068,0,10.4,12.931,0.039,0,10.6,12.2,0.051,0,16.2,11.617,0.094,5,10.4,12.931,0.039,0,12.211,0.05,0,11.837,0.069,0,13.39,0.02,0,12.657,0.024,0,12.311,0.031,0,13.144,0.023,0,12.4,0.027,0,12.084,0.035,0,12.949,0.027,0,12.23,0.033,0,11.862,0.041,0,12.773,0.035,5,12.04,0.042,5,11.649,0.051,5,12.632,0.042,5,11.9,0.051,5,11.566,0.064,5,12.502,0.048,5,11.759,0.057,5,11.52,0.08,5,12.328,0.051,5,11.6,0.062,5,11.406,0.089,5,,,,,,,,,,,,,,,,,,,,,,,,,,,,,,,,,,,,,12.709,0.036,11.988,0.044,11.595,0.053,0,1,0.9,45,0.9,45,0.84,-70,,,,,,,0.965,1.033,0.999,0.81,0.999,1.105,1.03,0.04,1.02,0.05,1.08,0.07,20.7,27.2,35.7,27.3,13.9,16.5,19.2,26.2,0.0,21.4,21.7,30.7,25.9,9.1,10.6,17.3,24.6,0.0,15.4,13.5,17.7,14.5,5.5,5.8,11.1,13.6,0.0,8.7,12.2,1,11.6,0,0,0,0,,______,1,0,1,37.4,214,2556306,2314.2,139.2,sw,1295755016,,1426,69749,1604225,213023133,n,1999-05-23,32,244,946,-0.5390972432776503,-0.3853153263649665,0.7489367540444902,371.0,580.0,0.0,0.0,0.0,123.1,613.1,554.1,0.272,0.424,0.202,86,0.034,136,0.059,130,0.059,-0.5,-0.3,-0.4,2556303,MCG+08-26-026
2450937.7358,13292923-2339522,202.371796,-23.664515,202.37178,-23.66456,314.065406,38.383244,3.15,11.9,12.428,0.028,0,11.697,0.036,0,11.379,0.054,0,6.9,0.84,-25,0.76,-25,0.88,-10,10.9,0.84,-20,12.6,12.409,0.029,0,11.68,0.037,0,11.363,0.057,0,29.14,12.239,0.039,3.028,11.479,0.044,1.155,11.183,0.06,2.509,4.29,17.26,4.31,16.5,4.06,16.08,4.18,4.51,4.17,16.15,15.32,14.98,17.71,16.97,16.63,1.0,1.0,1,0,49,11.0,12.439,0.028,0,11.708,0.035,0,11.382,0.054,0,11.1,12.466,0.026,0,13.4,11.675,0.037,0,12.6,11.363,0.057,0,10.2,12.47,0.026,0,12.0,11.679,0.038,0,11.6,11.365,0.056,0,11.6,12.418,0.029,0,11.691,0.037,0,11.365,0.056,0,8.4,12.581,0.022,0,12.2,11.707,0.034,0,11.9,11.379,0.054,0,7.8,12.575,0.022,0,10.8,11.713,0.035,0,11.0,11.382,0.054,0,12.4,12.421,0.028,0,16.6,11.616,0.044,0,17.5,11.277,0.076,0,12.4,12.421,0.028,0,11.688,0.036,0,11.374,0.055,0,11.4,12.425,0.029,0,14.8,11.612,0.045,0,14.8,11.302,0.069,0,11.4,12.425,0.029,0,11.696,0.036,0,11.371,0.055,0,12.816,0.012,0,12.077,0.014,0,11.73,0.018,0,12.623,0.014,0,11.888,0.016,0,11.542,0.021,0,12.477,0.017,0,11.74,0.02,0,11.411,0.027,0,12.354,0.023,0,11.609,0.027,0,11.3,0.037,0,12.303,0.031,0,11.568,0.036,0,11.228,0.047,0,12.265,0.038,0,11.568,0.046,0,11.214,0.06,0,,,,,,,,,,,,,,,,,,,,,,,,,,,,,,,,,,,,,,,,,,,,,,12.391,0.02,11.664,0.024,11.34,0.032,0,0,0.84,-20,0.82,-10,0.86,-10,,,,,,,0.982,2.15,0.947,1.727,0.904,1.915,0.94,0.04,0.93,0.04,0.97,0.05,14.5,20.3,21.5,17.0,12.0,14.7,17.6,16.2,0.0,10.2,18.8,22.5,14.8,10.0,11.1,13.6,14.1,0.0,9.1,13.5,15.8,13.1,6.3,6.6,9.8,13.0,0.0,9.3,7.0,0,11.1,0,0,0,1,ESO_509-_G_029,______,1,0,1,112.3,14,2503302,1214.6,185.0,sw,1272207698,,1395,68350,1572029,120300213,s,1998-05-04,85,21,671,-0.8469739181001371,-0.3486098022501513,-0.4013806022134262,324.0,253.0,0.0,0.0,0.0,101.0,350.1,451.1,0.111,0.089,0.047,32,0.012,50,0.037,110,0.041,-0.3,-0.6,-0.3,2503301,ESO509-G029
2451575.7405,09195518+0056425,139.979935,0.945157,139.979935,0.945153,231.024199,32.993903,2.78,15.0,12.225,0.028,0,11.533,0.033,0,11.272,0.057,0,9.9,0.62,-5,0.5,-10,0.6,-10,13.7,0.64,-10,16.6,12.187,0.03,0,11.492,0.035,0,11.246,0.063,0,25.99,12.067,0.029,1.242,11.358,0.031,0.879,11.2,0.054,1.205,5.58,17.23,5.47,16.49,4.71,16.07,5.02,5.29,4.56,16.01,15.25,15.0,17.6,16.89,16.63,1.0,1.0,1,0,65,12.2,12.219,0.029,0,11.549,0.035,0,11.254,0.06,0,15.5,12.204,0.029,0,17.9,11.498,0.035,0,16.6,11.246,0.063,0,12.0,12.227,0.029,0,13.2,11.523,0.037,0,13.1,11.231,0.063,0,13.1,12.19,0.031,0,11.525,0.037,0,11.231,0.063,0,11.9,12.325,0.024,0,16.3,11.53,0.032,0,15.0,11.272,0.057,0,9.0,12.36,0.024,0,11.0,11.588,0.032,0,12.2,11.254,0.06,0,17.1,12.17,0.031,0,21.1,11.457,0.04,0,18.0,11.226,0.067,0,17.1,12.17,0.031,0,11.478,0.037,0,11.231,0.065,0,13.2,12.186,0.031,0,14.8,11.483,0.041,0,15.4,11.193,0.073,0,13.2,12.186,0.031,0,11.523,0.037,0,11.229,0.064,0,12.711,0.012,0,11.994,0.013,0,11.729,0.02,0,12.496,0.014,0,11.804,0.015,0,11.531,0.023,0,12.309,0.017,0,11.63,0.018,0,11.337,0.028,0,12.136,0.021,0,11.478,0.024,0,11.198,0.037,0,12.073,0.028,0,11.4,0.03,0,11.137,0.048,0,12.055,0.035,0,11.407,0.04,0,11.126,0.061,0,,,,,,,,,,,,,,,,,,,,,,,,,,,,,,,,,,,,,,,,,,,,,,12.105,0.023,11.435,0.026,11.178,0.041,0,0,0.7,0,0.56,-10,0.7,-15,,,,,,,0.997,0.907,0.99,0.911,0.997,0.732,0.92,0.03,0.91,0.04,0.95,0.06,4.8,24.1,24.9,14.1,10.9,13.3,17.0,13.2,0.0,21.0,17.8,21.1,12.2,8.5,9.8,13.5,11.8,0.0,4.7,12.5,15.2,12.4,4.5,4.7,8.9,11.7,0.0,10.2,11.8,0,11.7,0,0,0,1,MRK_1232,______,1,0,1,85.0,127,1655621,3423.5,191.1,se,816931431,,881,44630,1026487,220200101,s,2000-02-01,66,233,2165,-0.7657150961951001,0.6429683466341387,0.0164953534515197,196.0,718.0,0.0,0.0,0.0,82.8,345.0,564.6,0.017,0.047,0.112,50,0.012,22,0.027,86,0.0,0.1,-0.3,-0.6,1655620,MRK1232
,00424433+4116074,10.68471,41.268749,10.68471,41.268749,121.174,-21.573,,1614.7,2.149,0.015,1,1.331,0.016,1,1.038,0.016,1,,0.473,47,0.473,47,0.561,45,,0.473,45,1340.2,2.191,0.015,1,1.374,0.015,1,1.087,0.015,1,3100.0,2.094,0.016,,1.283,0.017,,0.984,0.017,,462.65,16.6,418.45,15.57,443.23,15.4,4.03,4.29,4.3,,,,,,,,,1,Z,,,,,,,,,,,,,,,,,,,,,,,,,,,,,,,,,,,,,,,,,,,,,,,,,,,,,,,,,,,,,,,,,,,,,,,,,,,,,,,,,,,,,,,,,,,,,,,,,,,,,,,,,,,,,,,,,,,,,,,,,,,8.009,0.015,0,7.054,0.015,0,6.793,0.015,0,,,,,,,,,,,,,,,,,,,,,,,,,,,,,,,,,,,,,,,,,,,,,,,,,,,,,,,,,,,,,,,,,,,,,,,,,,,,,,,,,,,,,,,,,,,,,,,,,,,,,,,,,,,,,,,,,,,,,,,,,,,,,,,,,,,,,,,,,,,,,,,,,,,,1,M31,,,0,1,123.8,262,965979,,,,,,,,,233001221,,,,,,0.738592583296602,0.139354389193191,0.659591805673664,,,,,,,,,,,,,,,,,,,,,5000001,MESSIER031
,00424433+4116074,10.68471,41.268749,10.68471,41.268749,121.174,-21.573,,1614.7,2.149,0.015,1,1.331,0.016,1,1.038,0.016,1,,0.473,47,0.473,47,0.561,45,,0.473,45,1340.2,2.191,0.015,1,1.374,0.015,1,1.087,0.015,1,3100.0,2.094,0.016,,1.283,0.017,,0.984,0.017,,462.65,16.6,418.45,15.57,443.23,15.4,4.03,4.29,4.3,,,,,,,,,1,Z,,,,,,,,,,,,,,,,,,,,,,,,,,,,,,,,,,,,,,,,,,,,,,,,,,,,,,,,,,,,,,,,,,,,,,,,,,,,,,,,,,,,,,,,,,,,,,,,,,,,,,,,,,,,,,,,,,,,,,,,,,,8.009,0.015,0,7.054,0.015,0,6.793,0.015,0,,,,,,,,,,,,,,,,,,,,,,,,,,,,,,,,,,,,,,,,,,,,,,,,,,,,,,,,,,,,,,,,,,,,,,,,,,,,,,,,,,,,,,,,,,,,,,,,,,,,,,,,,,,,,,,,,,,,,,,,,,,,,,,,,,,,,,,,,,,,,,,,,,,,1,M31,,,0,1,123.8,262,965979,,,,,,,,,233001221,,,,,,0.738592583296602,0.139354389193191,0.659591805673664,,,,,,,,,,,,,,,,,,,,,5000001,MESSIER031
2450797.7495,02144752+3051374,33.698002,30.860409,33.697906,30.860384,143.30407,-28.692643,2.96,22.0,12.413,0.028,0,11.688,0.042,0,11.349,0.054,0,13.1,0.46,-10,0.42,-10,0.4,-10,17.7,0.44,-15,27.5,12.32,0.032,0,11.605,0.05,0,11.287,0.066,0,35.27,12.249,0.036,5.653,11.572,0.045,2.196,11.2,0.049,2.832,9.87,18.21,9.07,17.35,9.7,17.12,4.26,4.43,4.26,17.1,16.33,16.04,18.13,17.38,17.08,1.0,1.0,1,0,89,12.8,12.499,0.027,0,11.778,0.041,0,11.441,0.053,0,22.0,12.385,0.029,0,25.2,11.628,0.047,0,27.5,11.287,0.066,0,12.5,12.511,0.027,0,15.8,11.673,0.047,0,17.3,11.317,0.067,0,17.3,12.352,0.033,0,11.627,0.05,0,11.317,0.067,0,14.2,12.599,0.022,0,18.8,11.734,0.038,0,22.0,11.349,0.054,0,7.2,12.93,0.021,0,10.6,11.883,0.036,0,12.8,11.441,0.053,0,17.7,12.475,0.025,0,25.0,11.63,0.047,0,29.2,11.277,0.07,0,17.7,12.475,0.025,0,11.74,0.037,0,11.413,0.049,0,12.2,12.527,0.026,0,15.8,11.672,0.047,0,17.4,11.315,0.067,0,12.2,12.527,0.026,0,11.803,0.04,0,11.47,0.052,0,13.282,0.015,0,12.516,0.019,0,12.225,0.023,0,12.955,0.015,0,12.199,0.02,0,11.897,0.024,0,12.66,0.016,0,11.922,0.022,0,11.604,0.026,0,12.417,0.02,0,11.698,0.028,0,11.362,0.032,0,12.294,0.024,0,11.585,0.034,0,11.277,0.04,0,12.227,0.029,0,11.531,0.042,0,11.23,0.05,0,12.155,0.034,0,11.479,0.05,0,11.167,0.058,0,,,,,,,,,,,,,,,,,,,,,,,,,,,,,,,,,,,,,12.189,0.031,11.511,0.046,11.208,0.055,0,1,0.4,-5,0.38,-5,0.4,-5,,,,,,,1.0,3.569,0.925,2.557,0.926,2.605,1.07,0.04,1.04,0.04,1.05,0.05,24.5,43.1,43.6,21.9,12.6,15.9,19.9,19.2,0.0,26.2,35.8,38.2,19.0,10.6,12.5,17.5,17.4,0.0,20.0,30.7,31.8,16.8,8.1,9.5,15.1,15.2,0.0,8.6,12.3,0,9.4,0,0,0,0,,______,1,0,1,42.0,270,316518,3627.0,212.6,se,140978889,,159,8280,190437,233323122,n,1997-12-15,63,232,1786,0.7141822953823189,0.476264401732007,0.5129482124009164,221.0,926.0,0.0,0.0,0.0,95.9,555.4,365.3,0.03,0.009,0.109,62,0.011,52,0.048,134,0.022,0.0,-0.1,0.0,316515,2MASXJ02144752+3051374
2451113.7956,02150835+3556407,33.784817,35.944656,33.784714,35.944702,141.370729,-23.91206,3.02,12.2,12.625,0.03,0,11.889,0.036,0,11.654,0.054,0,6.9,0.6,-30,0.78,-35,0.8,-10,12.4,0.7,-40,14.3,12.553,0.034,0,11.812,0.04,0,11.591,0.06,0,28.54,12.204,0.033,1.963,11.627,0.041,0.991,11.371,0.056,1.712,6.69,18.08,5.31,17.0,4.9,16.57,5.92,4.58,5.02,16.5,15.79,15.38,17.97,17.23,16.93,1.0,1.0,1,0,51,10.8,12.637,0.03,0,11.894,0.036,0,11.655,0.053,0,14.7,12.595,0.031,0,15.9,11.768,0.043,0,14.3,11.591,0.06,0,11.2,12.622,0.031,0,13.8,11.785,0.042,0,13.1,11.583,0.062,0,13.1,12.55,0.035,0,11.807,0.041,0,11.583,0.062,0,10.3,12.782,0.025,0,12.3,11.88,0.035,0,12.2,11.654,0.054,0,8.0,12.792,0.025,0,10.6,11.902,0.035,0,10.8,11.655,0.053,0,16.3,12.552,0.033,0,17.5,11.727,0.046,0,19.6,11.474,0.078,0,16.3,12.552,0.033,0,11.813,0.039,0,11.583,0.06,0,12.2,12.581,0.033,0,15.2,11.741,0.045,0,17.2,11.466,0.076,0,12.2,12.581,0.033,0,11.838,0.039,0,11.61,0.059,0,13.089,0.015,0,12.343,0.016,0,12.031,0.02,0,12.866,0.017,0,12.111,0.018,0,11.822,0.023,0,12.674,0.02,0,11.927,0.021,0,11.683,0.029,0,12.5,0.026,0,11.747,0.028,0,11.524,0.038,0,12.418,0.032,0,11.614,0.033,0,11.419,0.047,0,12.328,0.038,0,11.559,0.041,0,11.353,0.058,0,,,,,,,,,,,,,,,,,,,,,,,,,,,,,,,,,,,,,,,,,,,,,,12.515,0.025,11.764,0.027,11.546,0.037,0,0,0.72,-25,0.82,-25,0.78,-25,,,,,,,0.973,2.81,0.997,3.272,0.827,3.283,0.99,0.04,0.97,0.04,0.94,0.05,13.1,22.1,26.6,15.4,10.8,12.6,13.6,14.1,0.0,17.0,19.9,24.4,13.3,9.2,10.5,12.7,11.9,0.0,12.0,16.2,19.6,13.1,6.6,7.2,11.5,12.5,0.0,10.3,8.3,1,12.4,0,0,0,1,MAPS-PP_O_1225_04,______,1,1,1,31.1,45,904144,325.9,183.2,sw,386619497,,450,23487,540201,233322322,n,1998-10-27,68,266,172,0.6728713666670388,0.4501899499199157,0.5870035203563393,327.0,531.0,0.0,0.0,0.0,79.3,434.9,364.0,0.205,0.27,0.147,130,0.025,60,0.025,66,0.027,-0.3,-0.2,-0.4,904143,2MASXJ02150835+3556407
2450720.6843,23200730+1617257,350.030457,16.290487,350.030487,16.290503,93.237364,-41.256577,2.7,10.8,12.741,0.032,0,12.061,0.039,0,11.845,0.076,0,5.9,0.86,45,0.8,30,0.92,45,10.5,0.78,40,13.6,12.651,0.037,0,11.973,0.047,0,11.733,0.089,0,32.48,12.525,0.056,1.188,11.717,0.059,1.013,11.53,0.107,0.788,4.7,17.79,5.32,17.28,4.71,16.81,3.85,4.76,4.62,16.63,15.94,15.73,18.08,17.38,17.09,1.0,1.0,1,0,43,10.2,12.751,0.031,0,12.071,0.039,0,11.857,0.075,0,12.3,12.699,0.034,0,13.5,11.999,0.044,0,13.6,11.733,0.089,0,11.3,12.704,0.033,0,12.3,11.994,0.044,0,13.0,11.737,0.089,0,13.0,12.654,0.037,0,11.975,0.046,0,11.737,0.089,0,8.7,12.868,0.027,0,10.8,12.088,0.037,0,10.8,11.845,0.076,0,8.0,12.878,0.027,0,9.8,12.088,0.038,0,10.2,11.857,0.075,0,12.3,12.698,0.034,0,16.0,11.95,0.05,0,16.6,11.656,0.104,0,12.3,12.698,0.034,0,12.021,0.042,0,11.795,0.081,0,11.6,12.691,0.034,0,13.8,11.957,0.049,0,16.4,11.655,0.107,0,11.6,12.691,0.034,0,12.016,0.043,0,11.795,0.082,0,13.193,0.016,0,12.485,0.018,0,12.201,0.03,0,12.958,0.018,0,12.261,0.021,0,12.004,0.035,0,12.76,0.021,0,12.079,0.025,0,11.865,0.044,0,12.622,0.028,0,11.933,0.033,0,11.677,0.057,0,12.566,0.037,0,11.846,0.042,0,11.609,0.073,0,12.549,0.047,3,11.77,0.05,3,11.598,0.093,3,,,,,,,,,,,,,,,,,,,,,,,,,,,,,,,,,,,,,,,,,,,,,,12.64,0.026,11.957,0.031,11.714,0.054,0,0,0.82,25,0.9,35,0.92,50,,,,,,,1.0,1.115,0.984,1.317,0.997,1.233,1.03,0.04,1.01,0.04,1.06,0.06,20.6,23.0,26.6,20.0,11.5,13.9,15.7,18.9,0.0,15.1,21.0,24.8,19.7,8.7,9.7,16.0,18.1,0.0,8.8,13.1,16.9,15.7,4.8,4.9,11.0,10.3,0.0,9.8,7.0,1,13.0,0,0,0,0,,______,1,0,1,141.8,191,2515091,6196.1,212.8,ne,1281364426,,1405,68756,1581372,200322301,n,1997-09-29,17,80,7495,0.9453580394244716,-0.166174024431043,0.2805073455364589,219.0,639.0,0.0,0.0,0.0,101.5,471.8,696.0,0.063,0.181,0.032,60,0.035,60,0.041,88,0.035,-0.5,-0.4,-0.6,2515090,CGCG454-042
2451833.7449,00585113+1258220,14.713057,12.972804,14.712996,12.972816,125.734361,-49.858503,2.8,29.1,11.164,0.026,0,10.427,0.039,0,10.078,0.041,0,14.1,0.86,75,0.86,80,0.84,65,22.1,0.8,80,37.6,11.034,0.032,0,10.298,0.047,0,9.961,0.05,0,48.67,10.96,0.03,7.866,10.252,0.039,9.423,9.891,0.04,9.093,11.61,18.09,10.91,17.27,11.45,17.01,4.63,4.47,4.82,16.12,15.3,14.93,17.25,16.5,16.14,1.0,1.0,1,0,121,25.6,11.182,0.025,0,10.448,0.038,0,10.109,0.04,0,24.2,11.25,0.023,0,29.3,10.419,0.039,0,37.6,9.961,0.05,0,22.4,11.254,0.023,0,27.9,10.41,0.04,0,33.9,9.97,0.049,0,33.9,11.045,0.031,0,10.302,0.046,0,9.97,0.049,0,16.9,11.444,0.018,0,22.0,10.551,0.032,0,29.1,10.078,0.041,0,15.5,11.452,0.018,0,20.9,10.541,0.032,0,25.6,10.109,0.04,0,21.7,11.305,0.021,0,30.3,10.402,0.04,0,36.1,9.98,0.048,0,21.7,11.305,0.021,0,10.557,0.031,0,10.24,0.034,0,19.9,11.316,0.021,0,25.1,10.457,0.037,0,37.6,9.912,0.053,0,19.9,11.316,0.021,0,10.565,0.031,0,10.25,0.034,0,12.393,0.008,0,11.637,0.01,0,11.283,0.011,0,12.067,0.008,0,11.31,0.011,0,10.973,0.011,0,11.764,0.009,0,11.004,0.011,0,10.682,0.012,0,11.473,0.01,0,10.716,0.013,0,10.406,0.014,0,11.313,0.012,0,10.563,0.016,0,10.247,0.017,0,11.194,0.014,0,10.459,0.019,0,10.122,0.02,0,11.108,0.016,0,10.369,0.021,0,10.027,0.022,0,10.971,0.02,0,10.236,0.027,0,9.881,0.028,0,10.896,0.026,3,10.145,0.034,3,9.802,0.036,3,10.832,0.032,1,10.056,0.041,3,9.744,0.045,3,,,,,,,,,,10.993,0.019,10.257,0.026,9.912,0.027,0,0,0.82,75,0.82,85,0.86,70,,,,,,,0.946,2.337,0.943,1.983,0.864,2.545,0.99,0.04,0.93,0.04,0.94,0.05,19.8,38.4,42.3,30.7,14.0,16.7,31.3,30.2,0.0,27.8,36.2,43.8,29.7,10.8,12.9,30.8,29.1,0.0,20.1,29.5,36.7,28.7,8.2,9.1,22.7,26.9,0.0,10.6,11.7,1,12.4,0,0,0,1,UGC_00610,______,1,0,1,52.0,358,1965022,4028.2,231.8,se,1001495429,,1032,53471,1229829,232330321,n,2000-10-16,62,220,2041,0.9425235401722796,0.24749600799886,0.2244885347757018,235.0,357.0,0.0,0.0,0.0,85.6,378.7,418.1,0.1,0.104,0.105,58,0.024,70,0.049,82,0.035,-0.8,-0.4,0.0,1965010,UGC00610
,00424433+4116074,10.68471,41.268749,10.68471,41.268749,121.174,-21.573,,1614.7,2.149,0.015,1,1.331,0.016,1,1.038,0.016,1,,0.473,47,0.473,47,0.561,45,,0.473,45,1340.2,2.191,0.015,1,1.374,0.015,1,1.087,0.015,1,3100.0,2.094,0.016,,1.283,0.017,,0.984,0.017,,462.65,16.6,418.45,15.57,443.23,15.4,4.03,4.29,4.3,,,,,,,,,1,Z,,,,,,,,,,,,,,,,,,,,,,,,,,,,,,,,,,,,,,,,,,,,,,,,,,,,,,,,,,,,,,,,,,,,,,,,,,,,,,,,,,,,,,,,,,,,,,,,,,,,,,,,,,,,,,,,,,,,,,,,,,,8.009,0.015,0,7.054,0.015,0,6.793,0.015,0,,,,,,,,,,,,,,,,,,,,,,,,,,,,,,,,,,,,,,,,,,,,,,,,,,,,,,,,,,,,,,,,,,,,,,,,,,,,,,,,,,,,,,,,,,,,,,,,,,,,,,,,,,,,,,,,,,,,,,,,,,,,,,,,,,,,,,,,,,,,,,,,,,,,1,M31,,,0,1,123.8,262,965979,,,,,,,,,233001221,,,,,,0.738592583296602,0.139354389193191,0.659591805673664,,,,,,,,,,,,,,,,,,,,,5000001,MESSIER031
2451879.0007,09254081+2219483,141.420059,22.330095,141.42009,22.330019,206.994621,43.346843,2.72,16.9,12.283,0.027,3,11.572,0.041,1,11.28,0.05,3,8.0,0.84,40,0.76,45,0.72,45,14.8,0.72,40,20.9,12.203,0.031,3,11.46,0.047,1,11.192,0.059,3,47.16,11.968,0.045,2.781,11.227,0.062,2.021,10.89,0.065,1.357,6.98,17.83,7.57,17.26,8.19,17.1,6.49,6.71,7.3,16.25,15.47,15.27,17.74,17.04,16.75,1.0,1.0,1,0,67,14.2,12.306,0.027,3,11.59,0.041,1,11.291,0.05,3,12.0,12.403,0.022,3,18.1,11.521,0.043,1,20.9,11.192,0.059,3,10.7,12.418,0.022,3,15.2,11.548,0.043,1,17.4,11.218,0.059,3,17.4,12.206,0.031,3,11.48,0.047,1,11.218,0.059,3,8.9,12.54,0.018,3,14.0,11.661,0.037,3,16.9,11.28,0.05,3,7.8,12.564,0.018,3,11.8,11.677,0.036,1,14.2,11.291,0.05,3,15.1,12.309,0.026,3,22.8,11.427,0.052,1,27.3,11.06,0.072,3,15.1,12.309,0.026,3,11.6,0.04,1,11.297,0.049,3,13.4,12.33,0.026,3,19.8,11.432,0.052,1,21.0,11.129,0.068,3,13.4,12.33,0.026,3,11.62,0.039,1,11.316,0.048,3,12.846,0.01,0,12.147,0.014,0,11.857,0.016,0,12.627,0.012,3,11.937,0.016,3,11.647,0.018,3,12.446,0.014,3,11.751,0.02,3,11.468,0.022,3,12.28,0.018,3,11.557,0.025,1,11.268,0.027,3,12.152,0.022,3,11.428,0.03,1,11.161,0.034,3,12.065,0.026,3,11.362,0.037,1,11.023,0.039,3,11.989,0.03,3,11.291,0.043,1,10.983,0.046,3,,,,,,,,,,,,,,,,,,,,,,,,,,,,,,,,,,,,,11.836,0.021,11.096,0.029,10.804,0.032,1,1,0.76,40,0.7,45,0.66,40,,,,,,,0.943,4.49,0.882,3.051,0.944,3.727,1.01,0.04,0.98,0.04,0.98,0.04,13.7,19.1,20.9,13.1,9.5,11.2,11.9,11.9,0.0,18.2,17.8,21.2,11.1,8.8,10.4,12.1,10.7,0.0,17.7,17.4,22.0,10.7,7.4,7.8,10.4,10.0,0.0,10.0,8.9,1,16.2,0,0,0,0,,______,1,0,1,28.8,200,2496782,6034.7,238.3,ne,1268046807,,1392,68145,1567329,223111300,n,2000-11-30,142,197,10271,-0.7231164642234127,0.576841915168326,0.3799420798937225,242.0,601.0,0.0,0.0,0.0,48.6,303.0,301.1,0.123,0.177,0.222,36,0.016,116,0.025,72,0.026,-0.5,-0.5,-0.2,2496780,CGCG121-087NED01
2451606.8459,12395483+0320101,189.97847,3.336145,189.97847,3.336059,295.831855,66.048835,2.68,6.9,14.842,0.088,0,14.109,0.094,0,13.527,0.111,0,4.0,0.64,55,0.76,70,0.64,55,5.1,0.66,65,8.8,14.706,0.102,0,14.066,0.115,0,13.446,0.135,0,13.06,14.491,0.113,0.575,14.069,0.169,0.5,13.39,0.185,0.5,3.48,19.04,2.42,17.95,2.78,17.58,3.92,2.9,3.14,18.28,17.41,17.02,19.84,19.08,18.51,1.0,1.0,-1,0,33,5.4,14.887,0.089,0,14.131,0.094,0,13.564,0.113,0,10.3,14.596,0.111,0,6.9,14.065,0.099,0,8.8,13.446,0.135,0,6.8,14.752,0.103,0,6.0,14.088,0.1,0,7.2,13.427,0.136,0,7.2,14.725,0.106,0,14.019,0.113,0,13.427,0.136,0,6.6,14.864,0.086,0,5.0,14.213,0.082,0,6.9,13.527,0.111,0,5.0,14.929,0.086,0,5.0,14.164,0.09,0,5.4,13.564,0.113,0,6.6,14.864,0.086,0,6.2,14.099,0.092,0,8.2,13.469,0.127,0,7.0,14.833,0.089,0,14.102,0.095,0,13.519,0.112,0,5.1,14.915,0.087,0,5.4,14.129,0.094,0,6.7,13.453,0.128,0,7.0,14.739,0.104,0,14.028,0.111,0,13.435,0.133,0,14.929,0.085,0,14.164,0.09,0,13.612,0.11,0,14.739,0.099,0,14.028,0.111,0,13.435,0.13,0,14.513,0.116,0,13.906,0.143,0,13.324,0.169,0,14.446,0.167,2,14.022,0.243,2,13.189,0.228,2,14.261,0.192,2,13.929,0.305,2,12.929,0.246,2,,,,,,,,,,,,,,,,,,,,,,,,,,,,,,,,,,,,,,,,,,,,,,,,,,,,,,,14.593,0.109,13.964,0.131,13.375,0.155,0,0,0.66,55,0.84,55,1.0,90,,,,,,,0.98,1.482,0.986,1.544,0.974,0.916,0.93,0.04,0.91,0.03,0.96,0.05,15.1,17.5,16.9,3.0,10.0,11.8,7.9,1.3,0.0,9.8,20.9,20.4,7.2,9.5,10.7,7.8,6.3,0.0,11.3,13.2,9.1,6.0,5.9,6.2,4.0,1.3,0.0,14.6,13.3,1,13.3,0,0,0,0,,______,1,0,1,26.4,60,1684574,10131.6,214.7,ne,838849783,,898,45553,1047709,212032322,s,2000-03-03,113,150,6069,-0.9832038746681285,-0.1729844510573029,0.0581938186578512,219.0,393.0,0.0,0.0,0.0,86.5,342.4,556.0,0.129,-0.01,0.198,90,0.008,158,0.009,30,0.021,-0.4,-0.4,-0.2,1684576,2MASXJ12395483+0320101
,00424433+4116074,10.68471,41.268749,10.68471,41.268749,121.174,-21.573,,1614.7,2.149,0.015,1,1.331,0.016,1,1.038,0.016,1,,0.473,47,0.473,47,0.561,45,,0.473,45,1340.2,2.191,0.015,1,1.374,0.015,1,1.087,0.015,1,3100.0,2.094,0.016,,1.283,0.017,,0.984,0.017,,462.65,16.6,418.45,15.57,443.23,15.4,4.03,4.29,4.3,,,,,,,,,1,Z,,,,,,,,,,,,,,,,,,,,,,,,,,,,,,,,,,,,,,,,,,,,,,,,,,,,,,,,,,,,,,,,,,,,,,,,,,,,,,,,,,,,,,,,,,,,,,,,,,,,,,,,,,,,,,,,,,,,,,,,,,,8.009,0.015,0,7.054,0.015,0,6.793,0.015,0,,,,,,,,,,,,,,,,,,,,,,,,,,,,,,,,,,,,,,,,,,,,,,,,,,,,,,,,,,,,,,,,,,,,,,,,,,,,,,,,,,,,,,,,,,,,,,,,,,,,,,,,,,,,,,,,,,,,,,,,,,,,,,,,,,,,,,,,,,,,,,,,,,,,1,M31,,,0,1,123.8,262,965979,,,,,,,,,233001221,,,,,,0.738592583296602,0.139354389193191,0.659591805673664,,,,,,,,,,,,,,,,,,,,,5000001,MESSIER031
2451186.6348,05461129-2646301,86.547073,-26.775034,86.547058,-26.775019,231.425438,-25.378005,3.0,8.7,13.508,0.045,3,12.836,0.055,3,12.469,0.089,3,5.8,0.8,25,0.82,50,0.92,10,7.8,0.98,60,11.0,13.347,0.051,3,12.691,0.063,3,12.386,0.107,3,15.39,13.118,0.045,0.606,12.579,0.062,0.5,12.315,0.102,0.5,5.58,18.75,4.46,17.74,4.5,17.49,3.59,3.37,2.88,17.45,16.73,16.51,18.8,18.06,17.76,1.0,1.0,1,0,39,8.5,13.495,0.046,3,12.821,0.056,3,12.46,0.091,3,11.9,13.34,0.051,3,10.6,12.752,0.06,3,11.0,12.386,0.107,3,10.9,13.325,0.051,3,10.0,12.725,0.061,3,12.4,12.299,0.12,3,12.4,13.243,0.055,3,12.581,0.069,3,12.299,0.12,3,6.9,13.74,0.04,3,8.3,12.888,0.051,3,8.7,12.469,0.089,3,6.5,13.701,0.041,3,7.9,12.868,0.053,3,8.5,12.46,0.091,3,11.5,13.359,0.05,3,20.2,12.462,0.096,3,9.6,12.433,0.096,3,11.5,13.359,0.05,3,12.705,0.062,3,12.394,0.106,3,10.5,13.347,0.051,3,10.3,12.706,0.062,3,10.5,12.383,0.107,3,10.5,13.347,0.051,3,12.694,0.063,3,12.383,0.107,3,13.933,0.031,3,13.185,0.035,3,12.908,0.057,3,13.645,0.033,3,12.936,0.039,3,12.584,0.059,3,13.383,0.037,3,12.726,0.046,3,12.4,0.071,3,13.172,0.047,3,12.51,0.057,3,12.211,0.091,3,13.132,0.061,3,12.434,0.073,3,12.208,0.125,3,13.108,0.077,3,12.37,0.089,3,12.173,0.156,3,,,,,,,,,,,,,,,,,,,,,,,,,,,,,,,,,,,,,,,,,,,,,,12.933,0.027,12.268,0.033,11.994,0.054,0,1,0.82,50,0.8,45,0.94,-30,,,,,,,0.998,0.783,0.999,0.851,0.99,0.945,0.94,0.04,0.92,0.04,0.96,0.05,17.8,32.6,36.8,23.9,14.2,17.8,27.6,20.9,0.0,25.9,34.7,33.8,21.1,12.2,12.8,25.8,19.4,0.0,21.1,27.2,29.9,21.8,7.7,8.5,18.9,18.0,0.0,12.1,17.7,1,13.6,0,0,0,1,ESO_488-_G_011,______,1,0,1,456.4,158,572780,10535.4,158.8,ne,221678467,,274,14187,326290,102213302,s,1999-01-08,37,139,6136,0.0537709081791687,0.8911614576258033,-0.4504885635350145,163.0,951.0,0.0,0.0,0.0,78.9,300.7,540.7,0.057,0.144,0.036,48,0.009,68,0.014,70,0.029,-0.6,-0.6,-0.4,572715,ESO488-G011
,00424433+4116074,10.68471,41.268749,10.68471,41.268749,121.174,-21.573,,1614.7,2.149,0.015,1,1.331,0.016,1,1.038,0.016,1,,0.473,47,0.473,47,0.561,45,,0.473,45,1340.2,2.191,0.015,1,1.374,0.015,1,1.087,0.015,1,3100.0,2.094,0.016,,1.283,0.017,,0.984,0.017,,462.65,16.6,418.45,15.57,443.23,15.4,4.03,4.29,4.3,,,,,,,,,1,Z,,,,,,,,,,,,,,,,,,,,,,,,,,,,,,,,,,,,,,,,,,,,,,,,,,,,,,,,,,,,,,,,,,,,,,,,,,,,,,,,,,,,,,,,,,,,,,,,,,,,,,,,,,,,,,,,,,,,,,,,,,,8.009,0.015,0,7.054,0.015,0,6.793,0.015,0,,,,,,,,,,,,,,,,,,,,,,,,,,,,,,,,,,,,,,,,,,,,,,,,,,,,,,,,,,,,,,,,,,,,,,,,,,,,,,,,,,,,,,,,,,,,,,,,,,,,,,,,,,,,,,,,,,,,,,,,,,,,,,,,,,,,,,,,,,,,,,,,,,,,1,M31,,,0,1,123.8,262,965979,,,,,,,,,233001221,,,,,,0.738592583296602,0.139354389193191,0.659591805673664,,,,,,,,,,,,,,,,,,,,,5000001,MESSIER031
,00424433+4116074,10.68471,41.268749,10.68471,41.268749,121.174,-21.573,,1614.7,2.149,0.015,1,1.331,0.016,1,1.038,0.016,1,,0.473,47,0.473,47,0.561,45,,0.473,45,1340.2,2.191,0.015,1,1.374,0.015,1,1.087,0.015,1,3100.0,2.094,0.016,,1.283,0.017,,0.984,0.017,,462.65,16.6,418.45,15.57,443.23,15.4,4.03,4.29,4.3,,,,,,,,,1,Z,,,,,,,,,,,,,,,,,,,,,,,,,,,,,,,,,,,,,,,,,,,,,,,,,,,,,,,,,,,,,,,,,,,,,,,,,,,,,,,,,,,,,,,,,,,,,,,,,,,,,,,,,,,,,,,,,,,,,,,,,,,8.009,0.015,0,7.054,0.015,0,6.793,0.015,0,,,,,,,,,,,,,,,,,,,,,,,,,,,,,,,,,,,,,,,,,,,,,,,,,,,,,,,,,,,,,,,,,,,,,,,,,,,,,,,,,,,,,,,,,,,,,,,,,,,,,,,,,,,,,,,,,,,,,,,,,,,,,,,,,,,,,,,,,,,,,,,,,,,,1,M31,,,0,1,123.8,262,965979,,,,,,,,,233001221,,,,,,0.738592583296602,0.139354389193191,0.659591805673664,,,,,,,,,,,,,,,,,,,,,5000001,MESSIER031
