objectId,tns_classification,tns_redshift,tns_name,ra,dec,tns_classification_mapped,Fink URL,is_truly_hostless_legacy,legacy_url,is_truly_hostless_panstarrs,panstarrs_url
ZTF25abyrwhz,SLSN-I,0.124,2025abmf,139.0503893,49.06484862,SLSN-I,https://ztf.fink-portal.org/ZTF25abyrwhz,yes,"https://www.legacysurvey.org/viewer?ra=139.0503893448276&dec=49.06484862413794&layer=ls-dr10&photoz-dr9&zoom=16&mark=139.0503893448276,49.06484862413794",yes,https://ps1images.stsci.edu/cgi-bin/ps1cutouts?pos=139.0503893448276+49.06484862413794&filter=color&filetypes=stack&auxiliary=data&size=220&output_size=500&catlist=1&show_overlay=1&show_grid=1&show_ids=1
ZTF23aboebgh,SLSN-I,0.15,2023wml,174.7862245,-11.2494244,SLSN-I,https://ztf.fink-portal.org/ZTF23aboebgh,yes,"https://www.legacysurvey.org/viewer?ra=174.78622454324326&dec=-11.249424402702704&layer=ls-dr10&photoz-dr9&zoom=16&mark=174.78622454324326,-11.249424402702704",yes,https://ps1images.stsci.edu/cgi-bin/ps1cutouts?pos=174.78622454324326+-11.249424402702704&filter=color&filetypes=stack&auxiliary=data&size=220&output_size=500&catlist=1&show_overlay=1&show_grid=1&show_ids=1
ZTF25aanxtou,SLSN-I,0.1734,2025izy,297.2788348,78.85559226,SLSN-I,https://ztf.fink-portal.org/ZTF25aanxtou,not_available,"https://www.legacysurvey.org/viewer?ra=297.278834846875&dec=78.85559225937502&layer=ls-dr10&photoz-dr9&zoom=16&mark=297.278834846875,78.85559225937502",no,https://ps1images.stsci.edu/cgi-bin/ps1cutouts?pos=297.278834846875+78.85559225937502&filter=color&filetypes=stack&auxiliary=data&size=220&output_size=500&catlist=1&show_overlay=1&show_grid=1&show_ids=1
ZTF25accmopr,SLSN-I,0.307,2025afad,134.2946835,-15.55973791,SLSN-I,https://ztf.fink-portal.org/ZTF25accmopr,not_available,"https://www.legacysurvey.org/viewer?ra=134.29468345217393&dec=-15.559737913043476&layer=ls-dr10&photoz-dr9&zoom=16&mark=134.29468345217393,-15.559737913043476",yes,https://ps1images.stsci.edu/cgi-bin/ps1cutouts?pos=134.29468345217393+-15.559737913043476&filter=color&filetypes=stack&auxiliary=data&size=220&output_size=500&catlist=1&show_overlay=1&show_grid=1&show_ids=1
ZTF24aaejnbx,SLSN-I,0.33,2024byt,167.1427657,-0.5066077385,SLSN-I,https://ztf.fink-portal.org/ZTF24aaejnbx,no,"https://www.legacysurvey.org/viewer?ra=167.14276570769232&dec=-0.5066077384615385&layer=ls-dr10&photoz-dr9&zoom=16&mark=167.14276570769232,-0.5066077384615385",no,https://ps1images.stsci.edu/cgi-bin/ps1cutouts?pos=167.14276570769232+-0.5066077384615385&filter=color&filetypes=stack&auxiliary=data&size=220&output_size=500&catlist=1&show_overlay=1&show_grid=1&show_ids=1
ZTF25aaofttb,SLSN-I,0.58,2025kkb,197.9062537,10.33311678,SLSN-I,https://ztf.fink-portal.org/ZTF25aaofttb,yes,"https://www.legacysurvey.org/viewer?ra=197.90625365&dec=10.333116775&layer=ls-dr10&photoz-dr9&zoom=16&mark=197.90625365,10.333116775",yes,https://ps1images.stsci.edu/cgi-bin/ps1cutouts?pos=197.90625365+10.333116775&filter=color&filetypes=stack&auxiliary=data&size=220&output_size=500&catlist=1&show_overlay=1&show_grid=1&show_ids=1
ZTF23abqygjv,SLSN-II,0.194,2023zeq,17.22581553,-20.64004747,SLSN-II,https://ztf.fink-portal.org/ZTF23abqygjv,no,"https://www.legacysurvey.org/viewer?ra=17.22581552857143&dec=-20.64004747142857&layer=ls-dr10&photoz-dr9&zoom=16&mark=17.22581552857143,-20.64004747142857",yes,https://ps1images.stsci.edu/cgi-bin/ps1cutouts?pos=17.22581552857143+-20.64004747142857&filter=color&filetypes=stack&auxiliary=data&size=220&output_size=500&catlist=1&show_overlay=1&show_grid=1&show_ids=1
ZTF24aaindpx,SN Ia,0.02,2024gbt,189.4982834,-27.43460124,SN Ia,https://ztf.fink-portal.org/ZTF24aaindpx,no,"https://www.legacysurvey.org/viewer?ra=189.49828344814816&dec=-27.434601237037036&layer=ls-dr10&photoz-dr9&zoom=16&mark=189.49828344814816,-27.434601237037036",no,https://ps1images.stsci.edu/cgi-bin/ps1cutouts?pos=189.49828344814816+-27.434601237037036&filter=color&filetypes=stack&auxiliary=data&size=220&output_size=500&catlist=1&show_overlay=1&show_grid=1&show_ids=1
ZTF25aafwxov,SN Ia,0.023,2025byq,108.1129255,50.29325824,SN Ia,https://ztf.fink-portal.org/ZTF25aafwxov,yes,"https://www.legacysurvey.org/viewer?ra=108.112925540625&dec=50.2932582375&layer=ls-dr10&photoz-dr9&zoom=16&mark=108.112925540625,50.2932582375",yes,https://ps1images.stsci.edu/cgi-bin/ps1cutouts?pos=108.112925540625+50.2932582375&filter=color&filetypes=stack&auxiliary=data&size=220&output_size=500&catlist=1&show_overlay=1&show_grid=1&show_ids=1
ZTF24aagcvjg,SN Ia,0.025,2024ddb,47.77763455,10.84383595,SN Ia,https://ztf.fink-portal.org/ZTF24aagcvjg,not_available,"https://www.legacysurvey.org/viewer?ra=47.77763455&dec=10.84383595&layer=ls-dr10&photoz-dr9&zoom=16&mark=47.77763455,10.84383595",no,https://ps1images.stsci.edu/cgi-bin/ps1cutouts?pos=47.77763455+10.84383595&filter=color&filetypes=stack&auxiliary=data&size=220&output_size=500&catlist=1&show_overlay=1&show_grid=1&show_ids=1
ZTF23abndxzj,SN Ia,0.042,2023vxt,352.9764272,72.84651467,SN Ia,https://ztf.fink-portal.org/ZTF23abndxzj,not_available,"https://www.legacysurvey.org/viewer?ra=352.97642724117645&dec=72.84651467352941&layer=ls-dr10&photoz-dr9&zoom=16&mark=352.97642724117645,72.84651467352941",yes,https://ps1images.stsci.edu/cgi-bin/ps1cutouts?pos=352.97642724117645+72.84651467352941&filter=color&filetypes=stack&auxiliary=data&size=220&output_size=500&catlist=1&show_overlay=1&show_grid=1&show_ids=1
ZTF24aaahwrm,SN Ia,0.05,2024mk,154.2468475,-9.4483493,SN Ia,https://ztf.fink-portal.org/ZTF24aaahwrm,no,"https://www.legacysurvey.org/viewer?ra=154.24684746666665&dec=-9.4483493&layer=ls-dr10&photoz-dr9&zoom=16&mark=154.24684746666665,-9.4483493",no,https://ps1images.stsci.edu/cgi-bin/ps1cutouts?pos=154.24684746666665+-9.4483493&filter=color&filetypes=stack&auxiliary=data&size=220&output_size=500&catlist=1&show_overlay=1&show_grid=1&show_ids=1
ZTF25acdceqb,SN Ia,0.05,2025acsj,173.4831894,49.38396689,SN Ia,https://ztf.fink-portal.org/ZTF25acdceqb,yes,"https://www.legacysurvey.org/viewer?ra=173.48318944482762&dec=49.38396688620689&layer=ls-dr10&photoz-dr9&zoom=16&mark=173.48318944482762,49.38396688620689",yes,https://ps1images.stsci.edu/cgi-bin/ps1cutouts?pos=173.48318944482762+49.38396688620689&filter=color&filetypes=stack&auxiliary=data&size=220&output_size=500&catlist=1&show_overlay=1&show_grid=1&show_ids=1
ZTF25acgngdl,SN Ia,0.06,2025ahdt,325.3635851,-4.3394683,SN Ia,https://ztf.fink-portal.org/ZTF25acgngdl,no,"https://www.legacysurvey.org/viewer?ra=325.36358513333334&dec=-4.3394683&layer=ls-dr10&photoz-dr9&zoom=16&mark=325.36358513333334,-4.3394683",yes,https://ps1images.stsci.edu/cgi-bin/ps1cutouts?pos=325.36358513333334+-4.3394683&filter=color&filetypes=stack&auxiliary=data&size=220&output_size=500&catlist=1&show_overlay=1&show_grid=1&show_ids=1
ZTF24aaofopg,SN Ia,0.068,2024jdf,255.3433299,78.8526419,SN Ia,https://ztf.fink-portal.org/ZTF24aaofopg,yes,"https://www.legacysurvey.org/viewer?ra=255.343329925&dec=78.8526419&layer=ls-dr10&photoz-dr9&zoom=16&mark=255.343329925,78.8526419",yes,https://ps1images.stsci.edu/cgi-bin/ps1cutouts?pos=255.343329925+78.8526419&filter=color&filetypes=stack&auxiliary=data&size=220&output_size=500&catlist=1&show_overlay=1&show_grid=1&show_ids=1
ZTF23abaslfm,SN Ia,0.069,2023rbt,26.63096426,11.86536667,SN Ia,https://ztf.fink-portal.org/ZTF23abaslfm,yes,"https://www.legacysurvey.org/viewer?ra=26.63096426086957&dec=11.865366665217392&layer=ls-dr10&photoz-dr9&zoom=16&mark=26.63096426086957,11.865366665217392",yes,https://ps1images.stsci.edu/cgi-bin/ps1cutouts?pos=26.63096426086957+11.865366665217392&filter=color&filetypes=stack&auxiliary=data&size=220&output_size=500&catlist=1&show_overlay=1&show_grid=1&show_ids=1
ZTF23aaxyawz,SN Ia,0.07,2023pjx,22.85663483,12.40870139,SN Ia,https://ztf.fink-portal.org/ZTF23aaxyawz,no,"https://www.legacysurvey.org/viewer?ra=22.856634826315787&dec=12.408701394736845&layer=ls-dr10&photoz-dr9&zoom=16&mark=22.856634826315787,12.408701394736845",yes,https://ps1images.stsci.edu/cgi-bin/ps1cutouts?pos=22.856634826315787+12.408701394736845&filter=color&filetypes=stack&auxiliary=data&size=220&output_size=500&catlist=1&show_overlay=1&show_grid=1&show_ids=1
ZTF25acaypgx,SN Ia,0.07,2025abzy,348.1433124,36.41332495,SN Ia,https://ztf.fink-portal.org/ZTF25acaypgx,not_available,"https://www.legacysurvey.org/viewer?ra=348.14331241&dec=36.41332495&layer=ls-dr10&photoz-dr9&zoom=16&mark=348.14331241,36.41332495",yes,https://ps1images.stsci.edu/cgi-bin/ps1cutouts?pos=348.14331241+36.41332495&filter=color&filetypes=stack&auxiliary=data&size=220&output_size=500&catlist=1&show_overlay=1&show_grid=1&show_ids=1
ZTF25acczido,SN Ia,0.091,2025acua,9.30247097,9.50350131,SN Ia,https://ztf.fink-portal.org/ZTF25acczido,no,"https://www.legacysurvey.org/viewer?ra=9.30247097&dec=9.50350131&layer=ls-dr10&photoz-dr9&zoom=16&mark=9.30247097,9.50350131",yes,https://ps1images.stsci.edu/cgi-bin/ps1cutouts?pos=9.30247097+9.50350131&filter=color&filetypes=stack&auxiliary=data&size=220&output_size=500&catlist=1&show_overlay=1&show_grid=1&show_ids=1
ZTF24aalcflg,SN Ia,0.093,2024hrq,245.823057,2.508987889,SN Ia,https://ztf.fink-portal.org/ZTF24aalcflg,no,"https://www.legacysurvey.org/viewer?ra=245.82305697777775&dec=2.508987888888889&layer=ls-dr10&photoz-dr9&zoom=16&mark=245.82305697777775,2.508987888888889",no,https://ps1images.stsci.edu/cgi-bin/ps1cutouts?pos=245.82305697777775+2.508987888888889&filter=color&filetypes=stack&auxiliary=data&size=220&output_size=500&catlist=1&show_overlay=1&show_grid=1&show_ids=1
ZTF25aafpooi,SN Ia,0.1,2025bwb,83.60183195,-25.42546676,SN Ia,https://ztf.fink-portal.org/ZTF25aafpooi,no,"https://www.legacysurvey.org/viewer?ra=83.60183194545453&dec=-25.42546676363636&layer=ls-dr10&photoz-dr9&zoom=16&mark=83.60183194545453,-25.42546676363636",no,https://ps1images.stsci.edu/cgi-bin/ps1cutouts?pos=83.60183194545453+-25.42546676363636&filter=color&filetypes=stack&auxiliary=data&size=220&output_size=500&catlist=1&show_overlay=1&show_grid=1&show_ids=1
ZTF24abzjfdz,SN Ia,0.1095,2024afro,166.226321,78.92745973,SN Ia,https://ztf.fink-portal.org/ZTF24abzjfdz,no,"https://www.legacysurvey.org/viewer?ra=166.22632101818184&dec=78.92745972727273&layer=ls-dr10&photoz-dr9&zoom=16&mark=166.22632101818184,78.92745972727273",yes,https://ps1images.stsci.edu/cgi-bin/ps1cutouts?pos=166.22632101818184+78.92745972727273&filter=color&filetypes=stack&auxiliary=data&size=220&output_size=500&catlist=1&show_overlay=1&show_grid=1&show_ids=1
ZTF24abifmph,SN Ia,0.11,2024vwh,105.0407976,33.166354,SN Ia,https://ztf.fink-portal.org/ZTF24abifmph,yes,"https://www.legacysurvey.org/viewer?ra=105.040797575&dec=33.166354&layer=ls-dr10&photoz-dr9&zoom=16&mark=105.040797575,33.166354",yes,https://ps1images.stsci.edu/cgi-bin/ps1cutouts?pos=105.040797575+33.166354&filter=color&filetypes=stack&auxiliary=data&size=220&output_size=500&catlist=1&show_overlay=1&show_grid=1&show_ids=1
ZTF24aaimwud,SN Ia,0.115,2024lni,190.4526049,63.01838812,SN Ia,https://ztf.fink-portal.org/ZTF24aaimwud,yes,"https://www.legacysurvey.org/viewer?ra=190.45260488333335&dec=63.018388116666664&layer=ls-dr10&photoz-dr9&zoom=16&mark=190.45260488333335,63.018388116666664",yes,https://ps1images.stsci.edu/cgi-bin/ps1cutouts?pos=190.45260488333335+63.018388116666664&filter=color&filetypes=stack&auxiliary=data&size=220&output_size=500&catlist=1&show_overlay=1&show_grid=1&show_ids=1
ZTF23abvbwys,SN Ia-91T-like,0.049,2023aajn,55.39106185,-2.78057119,SN Ia*,https://ztf.fink-portal.org/ZTF23abvbwys,yes,"https://www.legacysurvey.org/viewer?ra=55.39106185499999&dec=-2.7805711900000007&layer=ls-dr10&photoz-dr9&zoom=16&mark=55.39106185499999,-2.7805711900000007",yes,https://ps1images.stsci.edu/cgi-bin/ps1cutouts?pos=55.39106185499999+-2.7805711900000007&filter=color&filetypes=stack&auxiliary=data&size=220&output_size=500&catlist=1&show_overlay=1&show_grid=1&show_ids=1
ZTF25abqkwce,SN Ia-SC,0.04,2025xju,358.8111619,39.76371592,SN Ia*,https://ztf.fink-portal.org/ZTF25abqkwce,not_available,"https://www.legacysurvey.org/viewer?ra=358.81116190779227&dec=39.76371591818182&layer=ls-dr10&photoz-dr9&zoom=16&mark=358.81116190779227,39.76371591818182",yes,https://ps1images.stsci.edu/cgi-bin/ps1cutouts?pos=358.81116190779227+39.76371591818182&filter=color&filetypes=stack&auxiliary=data&size=220&output_size=500&catlist=1&show_overlay=1&show_grid=1&show_ids=1
ZTF24aagnlaw,SN Ia-SC,0.13,2024dvi,160.0097931,61.84385537,SN Ia*,https://ztf.fink-portal.org/ZTF24aagnlaw,yes,"https://www.legacysurvey.org/viewer?ra=160.00979308888884&dec=61.84385537222223&layer=ls-dr10&photoz-dr9&zoom=16&mark=160.00979308888884,61.84385537222223",yes,https://ps1images.stsci.edu/cgi-bin/ps1cutouts?pos=160.00979308888884+61.84385537222223&filter=color&filetypes=stack&auxiliary=data&size=220&output_size=500&catlist=1&show_overlay=1&show_grid=1&show_ids=1
ZTF25acgdfwz,SN Ib/c,0.018,2025agik,23.67907885,36.96421261,SN Ibc*,https://ztf.fink-portal.org/ZTF25acgdfwz,not_available,"https://www.legacysurvey.org/viewer?ra=23.679078847826087&dec=36.964212608695654&layer=ls-dr10&photoz-dr9&zoom=16&mark=23.679078847826087,36.964212608695654",yes,https://ps1images.stsci.edu/cgi-bin/ps1cutouts?pos=23.679078847826087+36.964212608695654&filter=color&filetypes=stack&auxiliary=data&size=220&output_size=500&catlist=1&show_overlay=1&show_grid=1&show_ids=1
ZTF23ablspnz,SN II,0.035,2023vkz,127.150746,57.20884761,SN II,https://ztf.fink-portal.org/ZTF23ablspnz,no,"https://www.legacysurvey.org/viewer?ra=127.15074601081083&dec=57.20884760540541&layer=ls-dr10&photoz-dr9&zoom=16&mark=127.15074601081083,57.20884760540541",yes,https://ps1images.stsci.edu/cgi-bin/ps1cutouts?pos=127.15074601081083+57.20884760540541&filter=color&filetypes=stack&auxiliary=data&size=220&output_size=500&catlist=1&show_overlay=1&show_grid=1&show_ids=1
ZTF24aadosgv,,,,95.42054275,4.764511675,,https://ztf.fink-portal.org/ZTF24aadosgv,not_available,"https://www.legacysurvey.org/viewer?ra=95.42054275&dec=4.764511675&layer=ls-dr10&photoz-dr9&zoom=16&mark=95.42054275,4.764511675",yes,https://ps1images.stsci.edu/cgi-bin/ps1cutouts?pos=95.42054275+4.764511675&filter=color&filetypes=stack&auxiliary=data&size=220&output_size=500&catlist=1&show_overlay=1&show_grid=1&show_ids=1
ZTF24aboxrnx,,,,33.86880028,57.87958485,,https://ztf.fink-portal.org/ZTF24aboxrnx,not_available,"https://www.legacysurvey.org/viewer?ra=33.868800275&dec=57.87958485&layer=ls-dr10&photoz-dr9&zoom=16&mark=33.868800275,57.87958485",yes,https://ps1images.stsci.edu/cgi-bin/ps1cutouts?pos=33.868800275+57.87958485&filter=color&filetypes=stack&auxiliary=data&size=220&output_size=500&catlist=1&show_overlay=1&show_grid=1&show_ids=1
ZTF24aaxseec,,,2024rkn,257.6270226,55.37388839,,https://ztf.fink-portal.org/ZTF24aaxseec,no,"https://www.legacysurvey.org/viewer?ra=257.627022632&dec=55.373888392&layer=ls-dr10&photoz-dr9&zoom=16&mark=257.627022632,55.373888392",no,https://ps1images.stsci.edu/cgi-bin/ps1cutouts?pos=257.627022632+55.373888392&filter=color&filetypes=stack&auxiliary=data&size=220&output_size=500&catlist=1&show_overlay=1&show_grid=1&show_ids=1
ZTF24aaejuzc,,,2024dju,185.0554856,14.42829891,,https://ztf.fink-portal.org/ZTF24aaejuzc,no,"https://www.legacysurvey.org/viewer?ra=185.05548561428571&dec=14.428298914285714&layer=ls-dr10&photoz-dr9&zoom=16&mark=185.05548561428571,14.428298914285714",yes,https://ps1images.stsci.edu/cgi-bin/ps1cutouts?pos=185.05548561428571+14.428298914285714&filter=color&filetypes=stack&auxiliary=data&size=220&output_size=500&catlist=1&show_overlay=1&show_grid=1&show_ids=1
ZTF24abdolll,,,2024udw,60.29677747,20.74185045,,https://ztf.fink-portal.org/ZTF24abdolll,not_available,"https://www.legacysurvey.org/viewer?ra=60.296777473333336&dec=20.741850453333335&layer=ls-dr10&photoz-dr9&zoom=16&mark=60.296777473333336,20.741850453333335",no,https://ps1images.stsci.edu/cgi-bin/ps1cutouts?pos=60.296777473333336+20.741850453333335&filter=color&filetypes=stack&auxiliary=data&size=220&output_size=500&catlist=1&show_overlay=1&show_grid=1&show_ids=1
ZTF24aahatfg,,,2024efa,142.8956648,-12.85672126,,https://ztf.fink-portal.org/ZTF24aahatfg,no,"https://www.legacysurvey.org/viewer?ra=142.8956647666667&dec=-12.85672126&layer=ls-dr10&photoz-dr9&zoom=16&mark=142.8956647666667,-12.85672126",yes,https://ps1images.stsci.edu/cgi-bin/ps1cutouts?pos=142.8956647666667+-12.85672126&filter=color&filetypes=stack&auxiliary=data&size=220&output_size=500&catlist=1&show_overlay=1&show_grid=1&show_ids=1
ZTF24aaxjkov,,,2024qpq,91.00342388,46.76394303,,https://ztf.fink-portal.org/ZTF24aaxjkov,not_available,"https://www.legacysurvey.org/viewer?ra=91.00342388&dec=46.76394303&layer=ls-dr10&photoz-dr9&zoom=16&mark=91.00342388,46.76394303",yes,https://ps1images.stsci.edu/cgi-bin/ps1cutouts?pos=91.00342388+46.76394303&filter=color&filetypes=stack&auxiliary=data&size=220&output_size=500&catlist=1&show_overlay=1&show_grid=1&show_ids=1
ZTF24abwmhtc,,,2024adpn,351.7398799,39.82656742,,https://ztf.fink-portal.org/ZTF24abwmhtc,not_available,"https://www.legacysurvey.org/viewer?ra=351.7398798928571&dec=39.82656742142857&layer=ls-dr10&photoz-dr9&zoom=16&mark=351.7398798928571,39.82656742142857",yes,https://ps1images.stsci.edu/cgi-bin/ps1cutouts?pos=351.7398798928571+39.82656742142857&filter=color&filetypes=stack&auxiliary=data&size=220&output_size=500&catlist=1&show_overlay=1&show_grid=1&show_ids=1
ZTF24aahjkim,,,2024elq,160.6639881,9.106197425,,https://ztf.fink-portal.org/ZTF24aahjkim,yes,"https://www.legacysurvey.org/viewer?ra=160.6639880875&dec=9.106197425&layer=ls-dr10&photoz-dr9&zoom=16&mark=160.6639880875,9.106197425",yes,https://ps1images.stsci.edu/cgi-bin/ps1cutouts?pos=160.6639880875+9.106197425&filter=color&filetypes=stack&auxiliary=data&size=220&output_size=500&catlist=1&show_overlay=1&show_grid=1&show_ids=1
ZTF24abprqav,,,2024aagc,7.70752424,38.66855184,,https://ztf.fink-portal.org/ZTF24abprqav,not_available,"https://www.legacysurvey.org/viewer?ra=7.707524240000001&dec=38.66855184&layer=ls-dr10&photoz-dr9&zoom=16&mark=7.707524240000001,38.66855184",yes,https://ps1images.stsci.edu/cgi-bin/ps1cutouts?pos=7.707524240000001+38.66855184&filter=color&filetypes=stack&auxiliary=data&size=220&output_size=500&catlist=1&show_overlay=1&show_grid=1&show_ids=1
ZTF24abizbkp,,,2024wdl,65.9001301,4.3784924,,https://ztf.fink-portal.org/ZTF24abizbkp,no,"https://www.legacysurvey.org/viewer?ra=65.9001301&dec=4.3784924&layer=ls-dr10&photoz-dr9&zoom=16&mark=65.9001301,4.3784924",no,https://ps1images.stsci.edu/cgi-bin/ps1cutouts?pos=65.9001301+4.3784924&filter=color&filetypes=stack&auxiliary=data&size=220&output_size=500&catlist=1&show_overlay=1&show_grid=1&show_ids=1
ZTF24aaiuemn,,,2024fzq,260.3979954,40.1221319,,https://ztf.fink-portal.org/ZTF24aaiuemn,yes,"https://www.legacysurvey.org/viewer?ra=260.39799543333334&dec=40.12213190000001&layer=ls-dr10&photoz-dr9&zoom=16&mark=260.39799543333334,40.12213190000001",no,https://ps1images.stsci.edu/cgi-bin/ps1cutouts?pos=260.39799543333334+40.12213190000001&filter=color&filetypes=stack&auxiliary=data&size=220&output_size=500&catlist=1&show_overlay=1&show_grid=1&show_ids=1
ZTF24aahxzdl,,,2024fmi,171.547549,77.35019241,,https://ztf.fink-portal.org/ZTF24aahxzdl,no,"https://www.legacysurvey.org/viewer?ra=171.54754897142857&dec=77.35019241428573&layer=ls-dr10&photoz-dr9&zoom=16&mark=171.54754897142857,77.35019241428573",yes,https://ps1images.stsci.edu/cgi-bin/ps1cutouts?pos=171.54754897142857+77.35019241428573&filter=color&filetypes=stack&auxiliary=data&size=220&output_size=500&catlist=1&show_overlay=1&show_grid=1&show_ids=1
ZTF24abzkrvr,,,2024aepr,165.0315236,15.749096,,https://ztf.fink-portal.org/ZTF24abzkrvr,yes,"https://www.legacysurvey.org/viewer?ra=165.031523625&dec=15.749096&layer=ls-dr10&photoz-dr9&zoom=16&mark=165.031523625,15.749096",yes,https://ps1images.stsci.edu/cgi-bin/ps1cutouts?pos=165.031523625+15.749096&filter=color&filetypes=stack&auxiliary=data&size=220&output_size=500&catlist=1&show_overlay=1&show_grid=1&show_ids=1
ZTF25aceevwg,,,2025adln,168.0373599,30.42659736,,https://ztf.fink-portal.org/ZTF25aceevwg,no,"https://www.legacysurvey.org/viewer?ra=168.03735987777776&dec=30.42659735555556&layer=ls-dr10&photoz-dr9&zoom=16&mark=168.03735987777776,30.42659735555556",yes,https://ps1images.stsci.edu/cgi-bin/ps1cutouts?pos=168.03735987777776+30.42659735555556&filter=color&filetypes=stack&auxiliary=data&size=220&output_size=500&catlist=1&show_overlay=1&show_grid=1&show_ids=1
ZTF25abwoggs,,,2025aaen,332.6621976,16.2395582,,https://ztf.fink-portal.org/ZTF25abwoggs,yes,"https://www.legacysurvey.org/viewer?ra=332.6621976388889&dec=16.239558199999998&layer=ls-dr10&photoz-dr9&zoom=16&mark=332.6621976388889,16.239558199999998",yes,https://ps1images.stsci.edu/cgi-bin/ps1cutouts?pos=332.6621976388889+16.239558199999998&filter=color&filetypes=stack&auxiliary=data&size=220&output_size=500&catlist=1&show_overlay=1&show_grid=1&show_ids=1
ZTF25abtjmbl,,,2025ykn,95.08365496,-17.58458745,,https://ztf.fink-portal.org/ZTF25abtjmbl,not_available,"https://www.legacysurvey.org/viewer?ra=95.08365496428571&dec=-17.584587449999997&layer=ls-dr10&photoz-dr9&zoom=16&mark=95.08365496428571,-17.584587449999997",yes,https://ps1images.stsci.edu/cgi-bin/ps1cutouts?pos=95.08365496428571+-17.584587449999997&filter=color&filetypes=stack&auxiliary=data&size=220&output_size=500&catlist=1&show_overlay=1&show_grid=1&show_ids=1
ZTF25abztmum,,,2025abqh,136.6023706,42.87853792,,https://ztf.fink-portal.org/ZTF25abztmum,no,"https://www.legacysurvey.org/viewer?ra=136.60237060666668&dec=42.87853792000001&layer=ls-dr10&photoz-dr9&zoom=16&mark=136.60237060666668,42.87853792000001",yes,https://ps1images.stsci.edu/cgi-bin/ps1cutouts?pos=136.60237060666668+42.87853792000001&filter=color&filetypes=stack&auxiliary=data&size=220&output_size=500&catlist=1&show_overlay=1&show_grid=1&show_ids=1
ZTF25abxvcqw,,,2025abgg,25.74448684,51.23373635,,https://ztf.fink-portal.org/ZTF25abxvcqw,not_available,"https://www.legacysurvey.org/viewer?ra=25.74448683636364&dec=51.23373634545454&layer=ls-dr10&photoz-dr9&zoom=16&mark=25.74448683636364,51.23373634545454",yes,https://ps1images.stsci.edu/cgi-bin/ps1cutouts?pos=25.74448683636364+51.23373634545454&filter=color&filetypes=stack&auxiliary=data&size=220&output_size=500&catlist=1&show_overlay=1&show_grid=1&show_ids=1
ZTF25abthhzy,,,2025yqr,37.0194354,76.93868512,,https://ztf.fink-portal.org/ZTF25abthhzy,not_available,"https://www.legacysurvey.org/viewer?ra=37.019435400000006&dec=76.93868511999999&layer=ls-dr10&photoz-dr9&zoom=16&mark=37.019435400000006,76.93868511999999",no,https://ps1images.stsci.edu/cgi-bin/ps1cutouts?pos=37.019435400000006+76.93868511999999&filter=color&filetypes=stack&auxiliary=data&size=220&output_size=500&catlist=1&show_overlay=1&show_grid=1&show_ids=1
ZTF24ablgtah,,,2024xox,318.9020157,22.74530708,,https://ztf.fink-portal.org/ZTF24ablgtah,not_available,"https://www.legacysurvey.org/viewer?ra=318.9020157&dec=22.745307083333337&layer=ls-dr10&photoz-dr9&zoom=16&mark=318.9020157,22.745307083333337",yes,https://ps1images.stsci.edu/cgi-bin/ps1cutouts?pos=318.9020157+22.745307083333337&filter=color&filetypes=stack&auxiliary=data&size=220&output_size=500&catlist=1&show_overlay=1&show_grid=1&show_ids=1
ZTF24abalacb,,,2024sba,36.42853623,22.17317547,,https://ztf.fink-portal.org/ZTF24abalacb,yes,"https://www.legacysurvey.org/viewer?ra=36.428536230769225&dec=22.173175469230767&layer=ls-dr10&photoz-dr9&zoom=16&mark=36.428536230769225,22.173175469230767",yes,https://ps1images.stsci.edu/cgi-bin/ps1cutouts?pos=36.428536230769225+22.173175469230767&filter=color&filetypes=stack&auxiliary=data&size=220&output_size=500&catlist=1&show_overlay=1&show_grid=1&show_ids=1
ZTF24aaigyqo,,,2024fzb,109.0656013,16.0262965,,https://ztf.fink-portal.org/ZTF24aaigyqo,not_available,"https://www.legacysurvey.org/viewer?ra=109.065601275&dec=16.026296499999997&layer=ls-dr10&photoz-dr9&zoom=16&mark=109.065601275,16.026296499999997",no,https://ps1images.stsci.edu/cgi-bin/ps1cutouts?pos=109.065601275+16.026296499999997&filter=color&filetypes=stack&auxiliary=data&size=220&output_size=500&catlist=1&show_overlay=1&show_grid=1&show_ids=1
ZTF24abgsafr,,,2024vvg,1.48531965,-15.99685873,,https://ztf.fink-portal.org/ZTF24abgsafr,yes,"https://www.legacysurvey.org/viewer?ra=1.48531965&dec=-15.996858725&layer=ls-dr10&photoz-dr9&zoom=16&mark=1.48531965,-15.996858725",no,https://ps1images.stsci.edu/cgi-bin/ps1cutouts?pos=1.48531965+-15.996858725&filter=color&filetypes=stack&auxiliary=data&size=220&output_size=500&catlist=1&show_overlay=1&show_grid=1&show_ids=1
ZTF24aahfwfd,,,2024eob,55.96478422,15.67349278,,https://ztf.fink-portal.org/ZTF24aahfwfd,not_available,"https://www.legacysurvey.org/viewer?ra=55.964784224999995&dec=15.673492775&layer=ls-dr10&photoz-dr9&zoom=16&mark=55.964784224999995,15.673492775",yes,https://ps1images.stsci.edu/cgi-bin/ps1cutouts?pos=55.964784224999995+15.673492775&filter=color&filetypes=stack&auxiliary=data&size=220&output_size=500&catlist=1&show_overlay=1&show_grid=1&show_ids=1
ZTF24abwqeyd,,,2024adpp,91.13450163,0.624067675,,https://ztf.fink-portal.org/ZTF24abwqeyd,not_available,"https://www.legacysurvey.org/viewer?ra=91.134501625&dec=0.624067675&layer=ls-dr10&photoz-dr9&zoom=16&mark=91.134501625,0.624067675",yes,https://ps1images.stsci.edu/cgi-bin/ps1cutouts?pos=91.134501625+0.624067675&filter=color&filetypes=stack&auxiliary=data&size=220&output_size=500&catlist=1&show_overlay=1&show_grid=1&show_ids=1
ZTF24aawjvjv,,,2024puz,262.8359789,53.40415264,,https://ztf.fink-portal.org/ZTF24aawjvjv,yes,"https://www.legacysurvey.org/viewer?ra=262.8359789277777&dec=53.40415264444445&layer=ls-dr10&photoz-dr9&zoom=16&mark=262.8359789277777,53.40415264444445",yes,https://ps1images.stsci.edu/cgi-bin/ps1cutouts?pos=262.8359789277777+53.40415264444445&filter=color&filetypes=stack&auxiliary=data&size=220&output_size=500&catlist=1&show_overlay=1&show_grid=1&show_ids=1
ZTF23aboryjw,,,2023xhm,16.38184017,29.46902898,,https://ztf.fink-portal.org/ZTF23aboryjw,no,"https://www.legacysurvey.org/viewer?ra=16.381840166666667&dec=29.46902898333333&layer=ls-dr10&photoz-dr9&zoom=16&mark=16.381840166666667,29.46902898333333",no,https://ps1images.stsci.edu/cgi-bin/ps1cutouts?pos=16.381840166666667+29.46902898333333&filter=color&filetypes=stack&auxiliary=data&size=220&output_size=500&catlist=1&show_overlay=1&show_grid=1&show_ids=1
ZTF25aaiqloy,,,2025dhs,181.8747681,-21.20690005,,https://ztf.fink-portal.org/ZTF25aaiqloy,no,"https://www.legacysurvey.org/viewer?ra=181.8747681&dec=-21.20690005&layer=ls-dr10&photoz-dr9&zoom=16&mark=181.8747681,-21.20690005",yes,https://ps1images.stsci.edu/cgi-bin/ps1cutouts?pos=181.8747681+-21.20690005&filter=color&filetypes=stack&auxiliary=data&size=220&output_size=500&catlist=1&show_overlay=1&show_grid=1&show_ids=1
ZTF25abdcpcx,,,2025sah,91.12295844,43.73096959,,https://ztf.fink-portal.org/ZTF25abdcpcx,not_available,"https://www.legacysurvey.org/viewer?ra=91.12295844&dec=43.73096959&layer=ls-dr10&photoz-dr9&zoom=16&mark=91.12295844,43.73096959",yes,https://ps1images.stsci.edu/cgi-bin/ps1cutouts?pos=91.12295844+43.73096959&filter=color&filetypes=stack&auxiliary=data&size=220&output_size=500&catlist=1&show_overlay=1&show_grid=1&show_ids=1
ZTF25aankcwt,,,2025ird,209.1050849,23.7238183,,https://ztf.fink-portal.org/ZTF25aankcwt,yes,"https://www.legacysurvey.org/viewer?ra=209.105084875&dec=23.7238183&layer=ls-dr10&photoz-dr9&zoom=16&mark=209.105084875,23.7238183",yes,https://ps1images.stsci.edu/cgi-bin/ps1cutouts?pos=209.105084875+23.7238183&filter=color&filetypes=stack&auxiliary=data&size=220&output_size=500&catlist=1&show_overlay=1&show_grid=1&show_ids=1
ZTF23abdsfms,,,2023sxt,97.01130839,80.06911238,,https://ztf.fink-portal.org/ZTF23abdsfms,no,"https://www.legacysurvey.org/viewer?ra=97.01130839&dec=80.06911238&layer=ls-dr10&photoz-dr9&zoom=16&mark=97.01130839,80.06911238",no,https://ps1images.stsci.edu/cgi-bin/ps1cutouts?pos=97.01130839+80.06911238&filter=color&filetypes=stack&auxiliary=data&size=220&output_size=500&catlist=1&show_overlay=1&show_grid=1&show_ids=1
ZTF25abikmzx,,,2025usi,47.71566258,29.11520346,,https://ztf.fink-portal.org/ZTF25abikmzx,not_available,"https://www.legacysurvey.org/viewer?ra=47.71566258&dec=29.115203459999996&layer=ls-dr10&photoz-dr9&zoom=16&mark=47.71566258,29.115203459999996",yes,https://ps1images.stsci.edu/cgi-bin/ps1cutouts?pos=47.71566258+29.115203459999996&filter=color&filetypes=stack&auxiliary=data&size=220&output_size=500&catlist=1&show_overlay=1&show_grid=1&show_ids=1
ZTF25aaqzjoy,,,2025kyx,284.6066612,84.73357631,,https://ztf.fink-portal.org/ZTF25aaqzjoy,not_available,"https://www.legacysurvey.org/viewer?ra=284.60666117272723&dec=84.73357630909089&layer=ls-dr10&photoz-dr9&zoom=16&mark=284.60666117272723,84.73357630909089",yes,https://ps1images.stsci.edu/cgi-bin/ps1cutouts?pos=284.60666117272723+84.73357630909089&filter=color&filetypes=stack&auxiliary=data&size=220&output_size=500&catlist=1&show_overlay=1&show_grid=1&show_ids=1
ZTF25aanijcp,,,2025hld,120.9557282,-2.98005304,,https://ztf.fink-portal.org/ZTF25aanijcp,not_available,"https://www.legacysurvey.org/viewer?ra=120.95572818&dec=-2.9800530399999996&layer=ls-dr10&photoz-dr9&zoom=16&mark=120.95572818,-2.9800530399999996",no,https://ps1images.stsci.edu/cgi-bin/ps1cutouts?pos=120.95572818+-2.9800530399999996&filter=color&filetypes=stack&auxiliary=data&size=220&output_size=500&catlist=1&show_overlay=1&show_grid=1&show_ids=1
ZTF24abyiwzh,,,2024aenw,79.28371739,-14.97952941,,https://ztf.fink-portal.org/ZTF24abyiwzh,no,"https://www.legacysurvey.org/viewer?ra=79.2837173875&dec=-14.9795294125&layer=ls-dr10&photoz-dr9&zoom=16&mark=79.2837173875,-14.9795294125",no,https://ps1images.stsci.edu/cgi-bin/ps1cutouts?pos=79.2837173875+-14.9795294125&filter=color&filetypes=stack&auxiliary=data&size=220&output_size=500&catlist=1&show_overlay=1&show_grid=1&show_ids=1
ZTF25aajlhto,,,2025fou,83.95679632,56.96278515,,https://ztf.fink-portal.org/ZTF25aajlhto,not_available,"https://www.legacysurvey.org/viewer?ra=83.95679631666665&dec=56.962785149999995&layer=ls-dr10&photoz-dr9&zoom=16&mark=83.95679631666665,56.962785149999995",yes,https://ps1images.stsci.edu/cgi-bin/ps1cutouts?pos=83.95679631666665+56.962785149999995&filter=color&filetypes=stack&auxiliary=data&size=220&output_size=500&catlist=1&show_overlay=1&show_grid=1&show_ids=1
ZTF25aatslhl,,,2025new,254.8394003,81.95473346,,https://ztf.fink-portal.org/ZTF25aatslhl,yes,"https://www.legacysurvey.org/viewer?ra=254.83940027894735&dec=81.9547334631579&layer=ls-dr10&photoz-dr9&zoom=16&mark=254.83940027894735,81.9547334631579",yes,https://ps1images.stsci.edu/cgi-bin/ps1cutouts?pos=254.83940027894735+81.9547334631579&filter=color&filetypes=stack&auxiliary=data&size=220&output_size=500&catlist=1&show_overlay=1&show_grid=1&show_ids=1
ZTF25aanjqgf,,,2025ibi,192.5225794,-12.35798435,,https://ztf.fink-portal.org/ZTF25aanjqgf,no,"https://www.legacysurvey.org/viewer?ra=192.5225794&dec=-12.357984354545454&layer=ls-dr10&photoz-dr9&zoom=16&mark=192.5225794,-12.357984354545454",no,https://ps1images.stsci.edu/cgi-bin/ps1cutouts?pos=192.5225794+-12.357984354545454&filter=color&filetypes=stack&auxiliary=data&size=220&output_size=500&catlist=1&show_overlay=1&show_grid=1&show_ids=1
ZTF25aaqbsio,,,2025klq,250.5056407,-0.258614,,https://ztf.fink-portal.org/ZTF25aaqbsio,no,"https://www.legacysurvey.org/viewer?ra=250.50564071666668&dec=-0.2586139999999999&layer=ls-dr10&photoz-dr9&zoom=16&mark=250.50564071666668,-0.2586139999999999",yes,https://ps1images.stsci.edu/cgi-bin/ps1cutouts?pos=250.50564071666668+-0.2586139999999999&filter=color&filetypes=stack&auxiliary=data&size=220&output_size=500&catlist=1&show_overlay=1&show_grid=1&show_ids=1
ZTF25aaheqzd,,,2025cro,231.7193476,-17.63790372,,https://ztf.fink-portal.org/ZTF25aaheqzd,yes,"https://www.legacysurvey.org/viewer?ra=231.71934762&dec=-17.63790372&layer=ls-dr10&photoz-dr9&zoom=16&mark=231.71934762,-17.63790372",yes,https://ps1images.stsci.edu/cgi-bin/ps1cutouts?pos=231.71934762+-17.63790372&filter=color&filetypes=stack&auxiliary=data&size=220&output_size=500&catlist=1&show_overlay=1&show_grid=1&show_ids=1
ZTF23abilisu,,,2023ufm,3.99520498,-1.03150226,,https://ztf.fink-portal.org/ZTF23abilisu,maybe,"https://www.legacysurvey.org/viewer?ra=3.99520498&dec=-1.03150226&layer=ls-dr10&photoz-dr9&zoom=16&mark=3.99520498,-1.03150226",no,https://ps1images.stsci.edu/cgi-bin/ps1cutouts?pos=3.99520498+-1.03150226&filter=color&filetypes=stack&auxiliary=data&size=220&output_size=500&catlist=1&show_overlay=1&show_grid=1&show_ids=1
ZTF23abvttdd,,,2023acjx,47.43917963,41.00736415,,https://ztf.fink-portal.org/ZTF23abvttdd,not_available,"https://www.legacysurvey.org/viewer?ra=47.439179625&dec=41.00736415&layer=ls-dr10&photoz-dr9&zoom=16&mark=47.439179625,41.00736415",no,https://ps1images.stsci.edu/cgi-bin/ps1cutouts?pos=47.439179625+41.00736415&filter=color&filetypes=stack&auxiliary=data&size=220&output_size=500&catlist=1&show_overlay=1&show_grid=1&show_ids=1
ZTF24aaaejlv,,,2024lm,43.68299401,44.14042209,,https://ztf.fink-portal.org/ZTF24aaaejlv,not_available,"https://www.legacysurvey.org/viewer?ra=43.68299401428572&dec=44.140422085714285&layer=ls-dr10&photoz-dr9&zoom=16&mark=43.68299401428572,44.140422085714285",yes,https://ps1images.stsci.edu/cgi-bin/ps1cutouts?pos=43.68299401428572+44.140422085714285&filter=color&filetypes=stack&auxiliary=data&size=220&output_size=500&catlist=1&show_overlay=1&show_grid=1&show_ids=1
ZTF23abawwbg,,,2023sfw,127.5323446,19.9362841,,https://ztf.fink-portal.org/ZTF23abawwbg,yes,"https://www.legacysurvey.org/viewer?ra=127.53234456764706&dec=19.936284097058824&layer=ls-dr10&photoz-dr9&zoom=16&mark=127.53234456764706,19.936284097058824",yes,https://ps1images.stsci.edu/cgi-bin/ps1cutouts?pos=127.53234456764706+19.936284097058824&filter=color&filetypes=stack&auxiliary=data&size=220&output_size=500&catlist=1&show_overlay=1&show_grid=1&show_ids=1
ZTF24absazmk,,,2024aaxx,74.1090275,70.67757294,,https://ztf.fink-portal.org/ZTF24absazmk,not_available,"https://www.legacysurvey.org/viewer?ra=74.10902749523811&dec=70.67757293809524&layer=ls-dr10&photoz-dr9&zoom=16&mark=74.10902749523811,70.67757293809524",no,https://ps1images.stsci.edu/cgi-bin/ps1cutouts?pos=74.10902749523811+70.67757293809524&filter=color&filetypes=stack&auxiliary=data&size=220&output_size=500&catlist=1&show_overlay=1&show_grid=1&show_ids=1
ZTF24aajwajo,,,2024gro,200.3733311,-10.39948961,,https://ztf.fink-portal.org/ZTF24aajwajo,no,"https://www.legacysurvey.org/viewer?ra=200.3733310875&dec=-10.3994896125&layer=ls-dr10&photoz-dr9&zoom=16&mark=200.3733310875,-10.3994896125",yes,https://ps1images.stsci.edu/cgi-bin/ps1cutouts?pos=200.3733310875+-10.3994896125&filter=color&filetypes=stack&auxiliary=data&size=220&output_size=500&catlist=1&show_overlay=1&show_grid=1&show_ids=1
ZTF24abitpxy,,,2024wdn,123.8389142,58.87986247,,https://ztf.fink-portal.org/ZTF24abitpxy,yes,"https://www.legacysurvey.org/viewer?ra=123.83891422142858&dec=58.879862471428574&layer=ls-dr10&photoz-dr9&zoom=16&mark=123.83891422142858,58.879862471428574",yes,https://ps1images.stsci.edu/cgi-bin/ps1cutouts?pos=123.83891422142858+58.879862471428574&filter=color&filetypes=stack&auxiliary=data&size=220&output_size=500&catlist=1&show_overlay=1&show_grid=1&show_ids=1
ZTF24aaeggrz,,,2024ccs,48.04727478,23.95160765,,https://ztf.fink-portal.org/ZTF24aaeggrz,not_available,"https://www.legacysurvey.org/viewer?ra=48.047274783333336&dec=23.95160765&layer=ls-dr10&photoz-dr9&zoom=16&mark=48.047274783333336,23.95160765",yes,https://ps1images.stsci.edu/cgi-bin/ps1cutouts?pos=48.047274783333336+23.95160765&filter=color&filetypes=stack&auxiliary=data&size=220&output_size=500&catlist=1&show_overlay=1&show_grid=1&show_ids=1
ZTF23aazfosr,,,2023quw,59.84700206,32.2376353,,https://ztf.fink-portal.org/ZTF23aazfosr,not_available,"https://www.legacysurvey.org/viewer?ra=59.84700205833334&dec=32.2376353&layer=ls-dr10&photoz-dr9&zoom=16&mark=59.84700205833334,32.2376353",no,https://ps1images.stsci.edu/cgi-bin/ps1cutouts?pos=59.84700205833334+32.2376353&filter=color&filetypes=stack&auxiliary=data&size=220&output_size=500&catlist=1&show_overlay=1&show_grid=1&show_ids=1
ZTF24aagilmu,,,2024diw,113.2159785,38.99872666,,https://ztf.fink-portal.org/ZTF24aagilmu,yes,"https://www.legacysurvey.org/viewer?ra=113.21597851764706&dec=38.99872665882353&layer=ls-dr10&photoz-dr9&zoom=16&mark=113.21597851764706,38.99872665882353",yes,https://ps1images.stsci.edu/cgi-bin/ps1cutouts?pos=113.21597851764706+38.99872665882353&filter=color&filetypes=stack&auxiliary=data&size=220&output_size=500&catlist=1&show_overlay=1&show_grid=1&show_ids=1
ZTF23aavyfyn,,,2023otk,3.851005476,47.58579756,,https://ztf.fink-portal.org/ZTF23aavyfyn,not_available,"https://www.legacysurvey.org/viewer?ra=3.8510054758620686&dec=47.58579755517241&layer=ls-dr10&photoz-dr9&zoom=16&mark=3.8510054758620686,47.58579755517241",no,https://ps1images.stsci.edu/cgi-bin/ps1cutouts?pos=3.8510054758620686+47.58579755517241&filter=color&filetypes=stack&auxiliary=data&size=220&output_size=500&catlist=1&show_overlay=1&show_grid=1&show_ids=1
ZTF25aborakj,,,2025xcc,343.2210393,80.48451842,,https://ztf.fink-portal.org/ZTF25aborakj,not_available,"https://www.legacysurvey.org/viewer?ra=343.22103934&dec=80.48451842&layer=ls-dr10&photoz-dr9&zoom=16&mark=343.22103934,80.48451842",yes,https://ps1images.stsci.edu/cgi-bin/ps1cutouts?pos=343.22103934+80.48451842&filter=color&filetypes=stack&auxiliary=data&size=220&output_size=500&catlist=1&show_overlay=1&show_grid=1&show_ids=1
ZTF23abhwnlz,,,2023ufz,355.6298321,-24.69246201,,https://ztf.fink-portal.org/ZTF23abhwnlz,yes,"https://www.legacysurvey.org/viewer?ra=355.6298321375&dec=-24.6924620125&layer=ls-dr10&photoz-dr9&zoom=16&mark=355.6298321375,-24.6924620125",yes,https://ps1images.stsci.edu/cgi-bin/ps1cutouts?pos=355.6298321375+-24.6924620125&filter=color&filetypes=stack&auxiliary=data&size=220&output_size=500&catlist=1&show_overlay=1&show_grid=1&show_ids=1
ZTF24aaekbpi,,,2024cpc,234.9609152,17.80782178,,https://ztf.fink-portal.org/ZTF24aaekbpi,no,"https://www.legacysurvey.org/viewer?ra=234.9609152&dec=17.807821775&layer=ls-dr10&photoz-dr9&zoom=16&mark=234.9609152,17.807821775",no,https://ps1images.stsci.edu/cgi-bin/ps1cutouts?pos=234.9609152+17.807821775&filter=color&filetypes=stack&auxiliary=data&size=220&output_size=500&catlist=1&show_overlay=1&show_grid=1&show_ids=1
ZTF23abscpbm,,,2023zui,113.7674498,69.86668747,,https://ztf.fink-portal.org/ZTF23abscpbm,no,"https://www.legacysurvey.org/viewer?ra=113.76744981875&dec=69.86668746875&layer=ls-dr10&photoz-dr9&zoom=16&mark=113.76744981875,69.86668746875",yes,https://ps1images.stsci.edu/cgi-bin/ps1cutouts?pos=113.76744981875+69.86668746875&filter=color&filetypes=stack&auxiliary=data&size=220&output_size=500&catlist=1&show_overlay=1&show_grid=1&show_ids=1
ZTF23abffdsc,,,2023tnk,256.9929424,60.63926178,,https://ztf.fink-portal.org/ZTF23abffdsc,yes,"https://www.legacysurvey.org/viewer?ra=256.99294236190474&dec=60.63926177619047&layer=ls-dr10&photoz-dr9&zoom=16&mark=256.99294236190474,60.63926177619047",yes,https://ps1images.stsci.edu/cgi-bin/ps1cutouts?pos=256.99294236190474+60.63926177619047&filter=color&filetypes=stack&auxiliary=data&size=220&output_size=500&catlist=1&show_overlay=1&show_grid=1&show_ids=1
ZTF23abawrhc,,,2023rml,118.48144,30.73486191,,https://ztf.fink-portal.org/ZTF23abawrhc,no,"https://www.legacysurvey.org/viewer?ra=118.48143995833333&dec=30.73486190833333&layer=ls-dr10&photoz-dr9&zoom=16&mark=118.48143995833333,30.73486190833333",yes,https://ps1images.stsci.edu/cgi-bin/ps1cutouts?pos=118.48143995833333+30.73486190833333&filter=color&filetypes=stack&auxiliary=data&size=220&output_size=500&catlist=1&show_overlay=1&show_grid=1&show_ids=1
ZTF23abcitsv,,,2023skk,20.99901518,21.68553253,,https://ztf.fink-portal.org/ZTF23abcitsv,yes,"https://www.legacysurvey.org/viewer?ra=20.99901518125&dec=21.68553253125&layer=ls-dr10&photoz-dr9&zoom=16&mark=20.99901518125,21.68553253125",yes,https://ps1images.stsci.edu/cgi-bin/ps1cutouts?pos=20.99901518125+21.68553253125&filter=color&filetypes=stack&auxiliary=data&size=220&output_size=500&catlist=1&show_overlay=1&show_grid=1&show_ids=1
ZTF23aboeruc,,,2023xex,353.1848852,44.42648422,,https://ztf.fink-portal.org/ZTF23aboeruc,not_available,"https://www.legacysurvey.org/viewer?ra=353.18488523999997&dec=44.42648422&layer=ls-dr10&photoz-dr9&zoom=16&mark=353.18488523999997,44.42648422",yes,https://ps1images.stsci.edu/cgi-bin/ps1cutouts?pos=353.18488523999997+44.42648422&filter=color&filetypes=stack&auxiliary=data&size=220&output_size=500&catlist=1&show_overlay=1&show_grid=1&show_ids=1
ZTF25abbmzer,,,,308.0946889,-9.261453733,,https://ztf.fink-portal.org/ZTF25abbmzer,no,"https://www.legacysurvey.org/viewer?ra=308.0946888666667&dec=-9.261453733333331&layer=ls-dr10&photoz-dr9&zoom=16&mark=308.0946888666667,-9.261453733333331",no,https://ps1images.stsci.edu/cgi-bin/ps1cutouts?pos=308.0946888666667+-9.261453733333331&filter=color&filetypes=stack&auxiliary=data&size=220&output_size=500&catlist=1&show_overlay=1&show_grid=1&show_ids=1
ZTF25aatrxku,,,,332.9571057,-2.21414915,,https://ztf.fink-portal.org/ZTF25aatrxku,yes,"https://www.legacysurvey.org/viewer?ra=332.9571057&dec=-2.21414915&layer=ls-dr10&photoz-dr9&zoom=16&mark=332.9571057,-2.21414915",yes,https://ps1images.stsci.edu/cgi-bin/ps1cutouts?pos=332.9571057+-2.21414915&filter=color&filetypes=stack&auxiliary=data&size=220&output_size=500&catlist=1&show_overlay=1&show_grid=1&show_ids=1
ZTF25aalmvvv,,,,336.2097692,28.8852998,,https://ztf.fink-portal.org/ZTF25aalmvvv,maybe,"https://www.legacysurvey.org/viewer?ra=336.2097692&dec=28.8852998&layer=ls-dr10&photoz-dr9&zoom=16&mark=336.2097692,28.8852998",no,https://ps1images.stsci.edu/cgi-bin/ps1cutouts?pos=336.2097692+28.8852998&filter=color&filetypes=stack&auxiliary=data&size=220&output_size=500&catlist=1&show_overlay=1&show_grid=1&show_ids=1
ZTF25aalmksm,,,,256.2795585,18.3744653,,https://ztf.fink-portal.org/ZTF25aalmksm,no,"https://www.legacysurvey.org/viewer?ra=256.2795585&dec=18.3744653&layer=ls-dr10&photoz-dr9&zoom=16&mark=256.2795585,18.3744653",yes,https://ps1images.stsci.edu/cgi-bin/ps1cutouts?pos=256.2795585+18.3744653&filter=color&filetypes=stack&auxiliary=data&size=220&output_size=500&catlist=1&show_overlay=1&show_grid=1&show_ids=1
ZTF25aakuauo,,,,205.9389256,-16.2208984,,https://ztf.fink-portal.org/ZTF25aakuauo,no,"https://www.legacysurvey.org/viewer?ra=205.9389256&dec=-16.2208984&layer=ls-dr10&photoz-dr9&zoom=16&mark=205.9389256,-16.2208984",no,https://ps1images.stsci.edu/cgi-bin/ps1cutouts?pos=205.9389256+-16.2208984&filter=color&filetypes=stack&auxiliary=data&size=220&output_size=500&catlist=1&show_overlay=1&show_grid=1&show_ids=1
ZTF24abckosj,,,,52.81666828,49.88397463,,https://ztf.fink-portal.org/ZTF24abckosj,not_available,"https://www.legacysurvey.org/viewer?ra=52.816668283333335&dec=49.88397463333334&layer=ls-dr10&photoz-dr9&zoom=16&mark=52.816668283333335,49.88397463333334",yes,https://ps1images.stsci.edu/cgi-bin/ps1cutouts?pos=52.816668283333335+49.88397463333334&filter=color&filetypes=stack&auxiliary=data&size=220&output_size=500&catlist=1&show_overlay=1&show_grid=1&show_ids=1
ZTF25aatrxkp,,,,332.9132344,-1.8487631,,https://ztf.fink-portal.org/ZTF25aatrxkp,no,"https://www.legacysurvey.org/viewer?ra=332.91323435000004&dec=-1.8487631&layer=ls-dr10&photoz-dr9&zoom=16&mark=332.91323435000004,-1.8487631",yes,https://ps1images.stsci.edu/cgi-bin/ps1cutouts?pos=332.91323435000004+-1.8487631&filter=color&filetypes=stack&auxiliary=data&size=220&output_size=500&catlist=1&show_overlay=1&show_grid=1&show_ids=1
ZTF24aathdii,,,,55.11986878,37.88784002,,https://ztf.fink-portal.org/ZTF24aathdii,not_available,"https://www.legacysurvey.org/viewer?ra=55.119868777777775&dec=37.88784002222222&layer=ls-dr10&photoz-dr9&zoom=16&mark=55.119868777777775,37.88784002222222",yes,https://ps1images.stsci.edu/cgi-bin/ps1cutouts?pos=55.119868777777775+37.88784002222222&filter=color&filetypes=stack&auxiliary=data&size=220&output_size=500&catlist=1&show_overlay=1&show_grid=1&show_ids=1
ZTF25aciywrk,,,,84.64739763,54.4916764,,https://ztf.fink-portal.org/ZTF25aciywrk,not_available,"https://www.legacysurvey.org/viewer?ra=84.647397625&dec=54.4916764&layer=ls-dr10&photoz-dr9&zoom=16&mark=84.647397625,54.4916764",yes,https://ps1images.stsci.edu/cgi-bin/ps1cutouts?pos=84.647397625+54.4916764&filter=color&filetypes=stack&auxiliary=data&size=220&output_size=500&catlist=1&show_overlay=1&show_grid=1&show_ids=1
ZTF23abrralq,,,,297.0745907,48.55227465,,https://ztf.fink-portal.org/ZTF23abrralq,not_available,"https://www.legacysurvey.org/viewer?ra=297.07459070000004&dec=48.55227465&layer=ls-dr10&photoz-dr9&zoom=16&mark=297.07459070000004,48.55227465",yes,https://ps1images.stsci.edu/cgi-bin/ps1cutouts?pos=297.07459070000004+48.55227465&filter=color&filetypes=stack&auxiliary=data&size=220&output_size=500&catlist=1&show_overlay=1&show_grid=1&show_ids=1
ZTF25aakowne,,,,327.1831012,7.8098252,,https://ztf.fink-portal.org/ZTF25aakowne,yes,"https://www.legacysurvey.org/viewer?ra=327.1831012&dec=7.8098252&layer=ls-dr10&photoz-dr9&zoom=16&mark=327.1831012,7.8098252",yes,https://ps1images.stsci.edu/cgi-bin/ps1cutouts?pos=327.1831012+7.8098252&filter=color&filetypes=stack&auxiliary=data&size=220&output_size=500&catlist=1&show_overlay=1&show_grid=1&show_ids=1
ZTF25abbmzes,,,,308.7295809,-9.422745733,,https://ztf.fink-portal.org/ZTF25abbmzes,yes,"https://www.legacysurvey.org/viewer?ra=308.72958093333335&dec=-9.422745733333333&layer=ls-dr10&photoz-dr9&zoom=16&mark=308.72958093333335,-9.422745733333333",yes,https://ps1images.stsci.edu/cgi-bin/ps1cutouts?pos=308.72958093333335+-9.422745733333333&filter=color&filetypes=stack&auxiliary=data&size=220&output_size=500&catlist=1&show_overlay=1&show_grid=1&show_ids=1
ZTF24aatyjkk,,,,351.2408133,-5.913350933,,https://ztf.fink-portal.org/ZTF24aatyjkk,no,"https://www.legacysurvey.org/viewer?ra=351.24081330000007&dec=-5.913350933333333&layer=ls-dr10&photoz-dr9&zoom=16&mark=351.24081330000007,-5.913350933333333",yes,https://ps1images.stsci.edu/cgi-bin/ps1cutouts?pos=351.24081330000007+-5.913350933333333&filter=color&filetypes=stack&auxiliary=data&size=220&output_size=500&catlist=1&show_overlay=1&show_grid=1&show_ids=1
ZTF25aalmtxa,,,,337.5790388,29.151831,,https://ztf.fink-portal.org/ZTF25aalmtxa,yes,"https://www.legacysurvey.org/viewer?ra=337.5790388&dec=29.151831&layer=ls-dr10&photoz-dr9&zoom=16&mark=337.5790388,29.151831",yes,https://ps1images.stsci.edu/cgi-bin/ps1cutouts?pos=337.5790388+29.151831&filter=color&filetypes=stack&auxiliary=data&size=220&output_size=500&catlist=1&show_overlay=1&show_grid=1&show_ids=1
ZTF25aalmizt,,,,259.6652249,18.2779183,,https://ztf.fink-portal.org/ZTF25aalmizt,no,"https://www.legacysurvey.org/viewer?ra=259.6652249&dec=18.2779183&layer=ls-dr10&photoz-dr9&zoom=16&mark=259.6652249,18.2779183",yes,https://ps1images.stsci.edu/cgi-bin/ps1cutouts?pos=259.6652249+18.2779183&filter=color&filetypes=stack&auxiliary=data&size=220&output_size=500&catlist=1&show_overlay=1&show_grid=1&show_ids=1
ZTF25aalmjrl,,,,259.558232,19.4442663,,https://ztf.fink-portal.org/ZTF25aalmjrl,no,"https://www.legacysurvey.org/viewer?ra=259.558232&dec=19.4442663&layer=ls-dr10&photoz-dr9&zoom=16&mark=259.558232,19.4442663",no,https://ps1images.stsci.edu/cgi-bin/ps1cutouts?pos=259.558232+19.4442663&filter=color&filetypes=stack&auxiliary=data&size=220&output_size=500&catlist=1&show_overlay=1&show_grid=1&show_ids=1
ZTF25aaztrqi,,,,310.7044105,61.03144033,,https://ztf.fink-portal.org/ZTF25aaztrqi,not_available,"https://www.legacysurvey.org/viewer?ra=310.7044104666666&dec=61.031440333333336&layer=ls-dr10&photoz-dr9&zoom=16&mark=310.7044104666666,61.031440333333336",yes,https://ps1images.stsci.edu/cgi-bin/ps1cutouts?pos=310.7044104666666+61.031440333333336&filter=color&filetypes=stack&auxiliary=data&size=220&output_size=500&catlist=1&show_overlay=1&show_grid=1&show_ids=1
ZTF25aalmizq,,,,259.0339954,18.6534472,,https://ztf.fink-portal.org/ZTF25aalmizq,yes,"https://www.legacysurvey.org/viewer?ra=259.0339954&dec=18.6534472&layer=ls-dr10&photoz-dr9&zoom=16&mark=259.0339954,18.6534472",yes,https://ps1images.stsci.edu/cgi-bin/ps1cutouts?pos=259.0339954+18.6534472&filter=color&filetypes=stack&auxiliary=data&size=220&output_size=500&catlist=1&show_overlay=1&show_grid=1&show_ids=1
ZTF25aazwgub,,,,52.0838564,24.99690398,,https://ztf.fink-portal.org/ZTF25aazwgub,not_available,"https://www.legacysurvey.org/viewer?ra=52.0838564&dec=24.996903975&layer=ls-dr10&photoz-dr9&zoom=16&mark=52.0838564,24.996903975",yes,https://ps1images.stsci.edu/cgi-bin/ps1cutouts?pos=52.0838564+24.996903975&filter=color&filetypes=stack&auxiliary=data&size=220&output_size=500&catlist=1&show_overlay=1&show_grid=1&show_ids=1
ZTF25aatrxkn,,,,333.1171028,-2.4538236,,https://ztf.fink-portal.org/ZTF25aatrxkn,yes,"https://www.legacysurvey.org/viewer?ra=333.1171028&dec=-2.4538236&layer=ls-dr10&photoz-dr9&zoom=16&mark=333.1171028,-2.4538236",yes,https://ps1images.stsci.edu/cgi-bin/ps1cutouts?pos=333.1171028+-2.4538236&filter=color&filetypes=stack&auxiliary=data&size=220&output_size=500&catlist=1&show_overlay=1&show_grid=1&show_ids=1
ZTF23aazsirz,,,,69.39776748,79.04522442,,https://ztf.fink-portal.org/ZTF23aazsirz,not_available,"https://www.legacysurvey.org/viewer?ra=69.39776748&dec=79.04522442&layer=ls-dr10&photoz-dr9&zoom=16&mark=69.39776748,79.04522442",yes,https://ps1images.stsci.edu/cgi-bin/ps1cutouts?pos=69.39776748+79.04522442&filter=color&filetypes=stack&auxiliary=data&size=220&output_size=500&catlist=1&show_overlay=1&show_grid=1&show_ids=1
ZTF25aancolq,,,,269.5356633,11.60356493,,https://ztf.fink-portal.org/ZTF25aancolq,not_available,"https://www.legacysurvey.org/viewer?ra=269.53566334285716&dec=11.603564928571428&layer=ls-dr10&photoz-dr9&zoom=16&mark=269.53566334285716,11.603564928571428",yes,https://ps1images.stsci.edu/cgi-bin/ps1cutouts?pos=269.53566334285716+11.603564928571428&filter=color&filetypes=stack&auxiliary=data&size=220&output_size=500&catlist=1&show_overlay=1&show_grid=1&show_ids=1
ZTF25aawnezc,,,,331.8509866,-2.7585248,,https://ztf.fink-portal.org/ZTF25aawnezc,no,"https://www.legacysurvey.org/viewer?ra=331.8509866&dec=-2.7585248&layer=ls-dr10&photoz-dr9&zoom=16&mark=331.8509866,-2.7585248",yes,https://ps1images.stsci.edu/cgi-bin/ps1cutouts?pos=331.8509866+-2.7585248&filter=color&filetypes=stack&auxiliary=data&size=220&output_size=500&catlist=1&show_overlay=1&show_grid=1&show_ids=1
ZTF24abhront,,,,224.9855843,62.5111022,,https://ztf.fink-portal.org/ZTF24abhront,yes,"https://www.legacysurvey.org/viewer?ra=224.9855843&dec=62.5111022&layer=ls-dr10&photoz-dr9&zoom=16&mark=224.9855843,62.5111022",no,https://ps1images.stsci.edu/cgi-bin/ps1cutouts?pos=224.9855843+62.5111022&filter=color&filetypes=stack&auxiliary=data&size=220&output_size=500&catlist=1&show_overlay=1&show_grid=1&show_ids=1
ZTF25abuovaz,,,,117.3804747,-0.005708033333,,https://ztf.fink-portal.org/ZTF25abuovaz,yes,"https://www.legacysurvey.org/viewer?ra=117.38047466666669&dec=-0.0057080333333332&layer=ls-dr10&photoz-dr9&zoom=16&mark=117.38047466666669,-0.0057080333333332",yes,https://ps1images.stsci.edu/cgi-bin/ps1cutouts?pos=117.38047466666669+-0.0057080333333332&filter=color&filetypes=stack&auxiliary=data&size=220&output_size=500&catlist=1&show_overlay=1&show_grid=1&show_ids=1
ZTF25aaktzja,,,,203.6599094,-24.3644743,,https://ztf.fink-portal.org/ZTF25aaktzja,yes,"https://www.legacysurvey.org/viewer?ra=203.6599094&dec=-24.3644743&layer=ls-dr10&photoz-dr9&zoom=16&mark=203.6599094,-24.3644743",yes,https://ps1images.stsci.edu/cgi-bin/ps1cutouts?pos=203.6599094+-24.3644743&filter=color&filetypes=stack&auxiliary=data&size=220&output_size=500&catlist=1&show_overlay=1&show_grid=1&show_ids=1
ZTF24abqtafy,,,,312.1148942,-26.87561282,,https://ztf.fink-portal.org/ZTF24abqtafy,yes,"https://www.legacysurvey.org/viewer?ra=312.11489424999996&dec=-26.87561281666667&layer=ls-dr10&photoz-dr9&zoom=16&mark=312.11489424999996,-26.87561281666667",yes,https://ps1images.stsci.edu/cgi-bin/ps1cutouts?pos=312.11489424999996+-26.87561281666667&filter=color&filetypes=stack&auxiliary=data&size=220&output_size=500&catlist=1&show_overlay=1&show_grid=1&show_ids=1